alarm_id,tool_id,timestamp,alarm_code,severity,message
ALM-00008,IMPLANT-01,2025-01-03 01:10:00,PROCESS_TIMEOUT,WARNING,Synthetic process timeout notification
ALM-00019,ETCH-01,2025-01-03 01:45:00,GENERAL_TOOL_WARNING,CRITICAL,Synthetic general tool notification
ALM-00006,DEP-02,2025-01-04 17:45:00,PROCESS_TIMEOUT,WARNING,Synthetic process timeout notification
ALM-00005,DEP-02,2025-01-05 07:53:00,GENERAL_TOOL_WARNING,WARNING,Synthetic general tool notification
ALM-00001,CMP-01,2025-01-06 18:08:00,PRESSURE_MONITOR_WARNING,INFO,Synthetic pressure monitor notification
ALM-00026,CLEAN-01,2025-01-06 18:17:00,TEMP_MONITOR_WARNING,WARNING,Synthetic temperature monitor notification
ALM-00011,DEP-01,2025-01-08 19:00:00,TEMP_MONITOR_WARNING,INFO,Synthetic temperature monitor notification
ALM-00029,CMP-01,2025-01-12 16:38:00,PRESSURE_MONITOR_WARNING,WARNING,Synthetic pressure monitor notification
ALM-00028,IMPLANT-01,2025-01-13 17:57:00,PRESSURE_MONITOR_WARNING,WARNING,Synthetic pressure monitor notification
ALM-00007,INSP-01,2025-01-17 07:21:00,PRESSURE_MONITOR_WARNING,WARNING,Synthetic pressure monitor notification
ALM-00014,LITHO-02,2025-01-19 03:47:00,PROCESS_TIMEOUT,INFO,Synthetic process timeout notification
ALM-00012,CMP-02,2025-01-19 18:14:00,GENERAL_TOOL_WARNING,INFO,Synthetic general tool notification
ALM-00017,ETCH-01,2025-01-21 03:05:00,GENERAL_TOOL_WARNING,INFO,Synthetic general tool notification
ALM-00016,ETCH-01,2025-01-23 19:25:00,PROCESS_TIMEOUT,INFO,Synthetic process timeout notification
ALM-00013,ETCH-01,2025-01-25 02:24:00,PRESSURE_MONITOR_WARNING,WARNING,Synthetic pressure monitor notification
ALM-00022,CMP-02,2025-01-26 09:14:00,PRESSURE_MONITOR_WARNING,WARNING,Synthetic pressure monitor notification
ALM-00020,LITHO-01,2025-01-26 17:14:00,TEMP_MONITOR_WARNING,INFO,Synthetic temperature monitor notification
ALM-00030,DEP-01,2025-01-30 05:36:00,TEMP_MONITOR_WARNING,INFO,Synthetic temperature monitor notification
ALM-00015,LITHO-01,2025-01-31 06:06:00,GENERAL_TOOL_WARNING,INFO,Synthetic general tool notification
ALM-00003,DEP-01,2025-02-03 21:37:00,TEMP_MONITOR_WARNING,INFO,Synthetic temperature monitor notification
ALM-00009,ETCH-02,2025-02-07 16:43:00,GENERAL_TOOL_WARNING,WARNING,Synthetic general tool notification
ALM-00021,DEP-02,2025-02-10 02:40:00,PROCESS_TIMEOUT,INFO,Synthetic process timeout notification
ALM-00023,CLEAN-01,2025-02-10 08:18:00,PRESSURE_MONITOR_WARNING,INFO,Synthetic pressure monitor notification
ALM-00027,IMPLANT-01,2025-02-10 20:22:00,PROCESS_TIMEOUT,INFO,Synthetic process timeout notification
ALM-00010,ETCH-02,2025-02-11 05:46:00,TEMP_MONITOR_WARNING,INFO,Synthetic temperature monitor notification
ALM-00018,CMP-01,2025-02-16 23:12:00,PRESSURE_MONITOR_WARNING,CRITICAL,Synthetic pressure monitor notification
ALM-00025,LITHO-02,2025-02-18 18:02:00,PROCESS_TIMEOUT,WARNING,Synthetic process timeout notification
ALM-00004,LITHO-02,2025-02-23 00:45:00,PROCESS_TIMEOUT,WARNING,Synthetic process timeout notification
ALM-00002,ETCH-02,2025-02-24 17:09:00,TEMP_MONITOR_WARNING,WARNING,Synthetic temperature monitor notification
ALM-00024,CMP-02,2025-03-01 09:17:00,TEMP_MONITOR_WARNING,CRITICAL,Synthetic temperature monitor notification
