lot_id,product_family,wafer_count,start_timestamp,priority,status
LOT-0001,DEMO_MEMORY_C,14,2025-01-27 01:00:00,STANDARD,COMPLETED
LOT-0002,DEMO_MEMORY_A,25,2025-01-20 06:00:00,STANDARD,COMPLETED
LOT-0003,DEMO_MEMORY_A,15,2025-01-24 03:00:00,STANDARD,IN_PROCESS
LOT-0004,DEMO_MEMORY_C,20,2025-01-15 08:00:00,STANDARD,ON_HOLD
LOT-0005,DEMO_MEMORY_A,24,2025-01-13 15:00:00,STANDARD,IN_PROCESS
LOT-0006,DEMO_MEMORY_B,12,2025-01-12 10:00:00,STANDARD,COMPLETED
LOT-0007,DEMO_MEMORY_C,25,2025-01-18 06:00:00,STANDARD,COMPLETED
LOT-0008,DEMO_MEMORY_A,14,2025-01-14 10:00:00,STANDARD,COMPLETED
LOT-0009,DEMO_MEMORY_B,24,2025-01-26 14:00:00,STANDARD,IN_PROCESS
LOT-0010,DEMO_MEMORY_C,13,2025-01-09 23:00:00,STANDARD,COMPLETED
LOT-0011,DEMO_MEMORY_B,17,2025-01-24 17:00:00,STANDARD,COMPLETED
LOT-0012,DEMO_MEMORY_B,19,2025-01-22 11:00:00,STANDARD,IN_PROCESS
LOT-0013,DEMO_MEMORY_C,20,2025-01-14 12:00:00,STANDARD,COMPLETED
LOT-0014,DEMO_MEMORY_B,20,2025-01-15 11:00:00,STANDARD,COMPLETED
LOT-0015,DEMO_MEMORY_A,19,2025-01-25 04:00:00,STANDARD,COMPLETED
LOT-0016,DEMO_MEMORY_A,16,2025-01-02 06:00:00,STANDARD,COMPLETED
LOT-0017,DEMO_MEMORY_A,23,2025-01-25 23:00:00,STANDARD,COMPLETED
LOT-0018,DEMO_MEMORY_A,18,2025-01-09 18:00:00,STANDARD,COMPLETED
LOT-0019,DEMO_MEMORY_B,16,2025-01-13 14:00:00,STANDARD,IN_PROCESS
LOT-0020,DEMO_MEMORY_A,11,2025-01-25 18:00:00,STANDARD,COMPLETED
LOT-0021,DEMO_MEMORY_A,24,2025-01-22 20:00:00,STANDARD,COMPLETED
LOT-0022,DEMO_MEMORY_B,17,2025-01-16 08:00:00,STANDARD,COMPLETED
LOT-0023,DEMO_MEMORY_B,19,2025-01-21 20:00:00,STANDARD,IN_PROCESS
LOT-0024,DEMO_MEMORY_B,25,2025-01-12 04:00:00,EXPEDITE,COMPLETED
LOT-0025,DEMO_MEMORY_A,22,2025-01-15 01:00:00,STANDARD,COMPLETED
LOT-0026,DEMO_MEMORY_C,17,2025-01-30 09:00:00,STANDARD,IN_PROCESS
LOT-0027,DEMO_MEMORY_C,12,2025-01-14 17:00:00,STANDARD,COMPLETED
LOT-0028,DEMO_MEMORY_C,19,2025-01-15 00:00:00,STANDARD,COMPLETED
LOT-0029,DEMO_MEMORY_C,17,2025-01-01 22:00:00,STANDARD,COMPLETED
LOT-0030,DEMO_MEMORY_A,19,2025-01-22 22:00:00,STANDARD,IN_PROCESS
LOT-0031,DEMO_MEMORY_B,22,2025-01-24 01:00:00,STANDARD,COMPLETED
LOT-0032,DEMO_MEMORY_B,12,2025-01-02 13:00:00,STANDARD,COMPLETED
LOT-0033,DEMO_MEMORY_A,14,2025-01-25 03:00:00,STANDARD,COMPLETED
LOT-0034,DEMO_MEMORY_B,19,2025-01-29 02:00:00,STANDARD,ON_HOLD
LOT-0035,DEMO_MEMORY_B,17,2025-01-13 21:00:00,STANDARD,COMPLETED
LOT-0036,DEMO_MEMORY_C,17,2025-01-24 19:00:00,EXPEDITE,COMPLETED
LOT-0037,DEMO_MEMORY_B,22,2025-01-17 14:00:00,STANDARD,COMPLETED
LOT-0038,DEMO_MEMORY_C,17,2025-01-09 08:00:00,STANDARD,COMPLETED
LOT-0039,DEMO_MEMORY_C,18,2025-01-01 15:00:00,STANDARD,IN_PROCESS
LOT-0040,DEMO_MEMORY_B,20,2025-01-05 12:00:00,STANDARD,COMPLETED
LOT-0041,DEMO_MEMORY_C,25,2025-01-23 05:00:00,STANDARD,COMPLETED
LOT-0042,DEMO_MEMORY_C,13,2025-01-24 09:00:00,STANDARD,COMPLETED
LOT-0043,DEMO_MEMORY_B,14,2025-01-17 17:00:00,STANDARD,COMPLETED
LOT-0044,DEMO_MEMORY_A,25,2025-01-26 05:00:00,STANDARD,COMPLETED
LOT-0045,DEMO_MEMORY_A,25,2025-01-28 11:00:00,STANDARD,IN_PROCESS
LOT-0046,DEMO_MEMORY_A,16,2025-01-29 09:00:00,EXPEDITE,COMPLETED
LOT-0047,DEMO_MEMORY_C,23,2025-01-04 01:00:00,STANDARD,COMPLETED
LOT-0048,DEMO_MEMORY_B,15,2025-01-28 01:00:00,STANDARD,COMPLETED
LOT-0049,DEMO_MEMORY_B,24,2025-01-13 15:00:00,STANDARD,COMPLETED
LOT-0050,DEMO_MEMORY_A,24,2025-01-04 04:00:00,STANDARD,IN_PROCESS
LOT-0051,DEMO_MEMORY_C,24,2025-01-03 08:00:00,STANDARD,COMPLETED
LOT-0052,DEMO_MEMORY_C,23,2025-01-05 22:00:00,STANDARD,COMPLETED
LOT-0053,DEMO_MEMORY_C,15,2025-01-31 06:00:00,STANDARD,IN_PROCESS
LOT-0054,DEMO_MEMORY_C,10,2025-01-30 11:00:00,STANDARD,IN_PROCESS
LOT-0055,DEMO_MEMORY_C,25,2025-01-01 20:00:00,STANDARD,COMPLETED
LOT-0056,DEMO_MEMORY_C,19,2025-01-04 23:00:00,STANDARD,COMPLETED
LOT-0057,DEMO_MEMORY_C,11,2025-01-02 02:00:00,STANDARD,IN_PROCESS
LOT-0058,DEMO_MEMORY_B,24,2025-01-23 12:00:00,STANDARD,COMPLETED
LOT-0059,DEMO_MEMORY_B,18,2025-01-05 07:00:00,EXPEDITE,COMPLETED
LOT-0060,DEMO_MEMORY_C,24,2025-01-21 05:00:00,STANDARD,COMPLETED
LOT-0061,DEMO_MEMORY_B,23,2025-01-05 18:00:00,STANDARD,COMPLETED
LOT-0062,DEMO_MEMORY_A,25,2025-01-04 12:00:00,STANDARD,COMPLETED
LOT-0063,DEMO_MEMORY_C,16,2025-01-23 11:00:00,STANDARD,IN_PROCESS
LOT-0064,DEMO_MEMORY_B,11,2025-01-15 08:00:00,STANDARD,COMPLETED
LOT-0065,DEMO_MEMORY_A,15,2025-01-15 05:00:00,STANDARD,COMPLETED
LOT-0066,DEMO_MEMORY_C,19,2025-01-17 06:00:00,STANDARD,COMPLETED
LOT-0067,DEMO_MEMORY_B,11,2025-01-29 03:00:00,STANDARD,COMPLETED
LOT-0068,DEMO_MEMORY_B,13,2025-01-20 21:00:00,STANDARD,COMPLETED
LOT-0069,DEMO_MEMORY_C,25,2025-01-26 13:00:00,STANDARD,COMPLETED
LOT-0070,DEMO_MEMORY_B,12,2025-01-04 11:00:00,STANDARD,COMPLETED
LOT-0071,DEMO_MEMORY_A,24,2025-01-29 00:00:00,STANDARD,COMPLETED
LOT-0072,DEMO_MEMORY_B,12,2025-01-28 23:00:00,STANDARD,IN_PROCESS
LOT-0073,DEMO_MEMORY_A,13,2025-01-22 14:00:00,STANDARD,COMPLETED
LOT-0074,DEMO_MEMORY_B,20,2025-01-06 13:00:00,STANDARD,COMPLETED
LOT-0075,DEMO_MEMORY_B,21,2025-01-30 20:00:00,STANDARD,IN_PROCESS
LOT-0076,DEMO_MEMORY_B,12,2025-01-27 14:00:00,STANDARD,COMPLETED
LOT-0077,DEMO_MEMORY_B,25,2025-01-20 14:00:00,STANDARD,COMPLETED
LOT-0078,DEMO_MEMORY_C,18,2025-01-13 19:00:00,STANDARD,COMPLETED
LOT-0079,DEMO_MEMORY_A,16,2025-01-04 12:00:00,STANDARD,COMPLETED
LOT-0080,DEMO_MEMORY_C,24,2025-01-29 01:00:00,EXPEDITE,COMPLETED
LOT-0081,DEMO_MEMORY_C,20,2025-01-18 17:00:00,STANDARD,IN_PROCESS
LOT-0082,DEMO_MEMORY_C,18,2025-01-20 14:00:00,STANDARD,COMPLETED
LOT-0083,DEMO_MEMORY_B,22,2025-01-26 08:00:00,STANDARD,COMPLETED
LOT-0084,DEMO_MEMORY_A,12,2025-01-12 21:00:00,STANDARD,COMPLETED
LOT-0085,DEMO_MEMORY_A,15,2025-01-19 11:00:00,STANDARD,COMPLETED
LOT-0086,DEMO_MEMORY_B,16,2025-01-12 08:00:00,STANDARD,COMPLETED
LOT-0087,DEMO_MEMORY_C,20,2025-01-25 02:00:00,STANDARD,COMPLETED
LOT-0088,DEMO_MEMORY_B,18,2025-01-28 19:00:00,STANDARD,COMPLETED
LOT-0089,DEMO_MEMORY_C,18,2025-01-07 09:00:00,STANDARD,COMPLETED
LOT-0090,DEMO_MEMORY_A,21,2025-01-17 07:00:00,STANDARD,COMPLETED
LOT-0091,DEMO_MEMORY_C,24,2025-01-16 10:00:00,STANDARD,IN_PROCESS
LOT-0092,DEMO_MEMORY_B,21,2025-01-05 07:00:00,STANDARD,COMPLETED
LOT-0093,DEMO_MEMORY_A,25,2025-01-23 00:00:00,STANDARD,COMPLETED
LOT-0094,DEMO_MEMORY_B,22,2025-01-30 02:00:00,STANDARD,COMPLETED
LOT-0095,DEMO_MEMORY_A,21,2025-01-04 00:00:00,STANDARD,COMPLETED
LOT-0096,DEMO_MEMORY_A,12,2025-01-19 00:00:00,STANDARD,COMPLETED
LOT-0097,DEMO_MEMORY_B,20,2025-01-15 14:00:00,STANDARD,COMPLETED
LOT-0098,DEMO_MEMORY_B,17,2025-01-17 00:00:00,STANDARD,COMPLETED
LOT-0099,DEMO_MEMORY_A,22,2025-01-26 16:00:00,STANDARD,COMPLETED
LOT-0100,DEMO_MEMORY_C,16,2025-01-04 20:00:00,STANDARD,COMPLETED
