maintenance_id,tool_id,maintenance_type,start_timestamp,end_timestamp,description
MNT-00017,IMPLANT-01,INSPECTION,2025-01-03 23:00:00,2025-01-04 02:09:00,General equipment inspection
MNT-00018,CMP-01,PREVENTIVE,2025-01-05 07:00:00,2025-01-05 08:42:00,Routine preventive maintenance
MNT-00013,ETCH-02,CORRECTIVE,2025-01-07 02:00:00,2025-01-07 03:55:00,General corrective maintenance
MNT-00005,DEP-02,CORRECTIVE,2025-01-08 20:00:00,2025-01-08 21:20:00,General corrective maintenance
MNT-00012,ETCH-01,INSPECTION,2025-01-10 00:00:00,2025-01-10 03:56:00,General equipment inspection
MNT-00006,LITHO-01,INSPECTION,2025-01-10 17:00:00,2025-01-10 18:17:00,General equipment inspection
MNT-00020,CMP-01,INSPECTION,2025-01-11 03:00:00,2025-01-11 06:35:00,General equipment inspection
MNT-00004,DEP-01,CALIBRATION,2025-01-17 18:00:00,2025-01-17 21:44:00,Sensor calibration check
MNT-00021,CMP-02,INSPECTION,2025-01-18 20:00:00,2025-01-18 22:45:00,General equipment inspection
MNT-00003,CLEAN-02,CALIBRATION,2025-01-27 08:00:00,2025-01-27 10:10:00,Sensor calibration check
MNT-00022,CMP-02,CORRECTIVE,2025-01-30 07:00:00,2025-01-30 10:52:00,General corrective maintenance
MNT-00014,ETCH-02,CORRECTIVE,2025-02-05 02:00:00,2025-02-05 03:18:00,General corrective maintenance
MNT-00009,LITHO-02,PREVENTIVE,2025-02-05 03:00:00,2025-02-05 03:36:00,Routine preventive maintenance
MNT-00010,LITHO-02,PREVENTIVE,2025-02-07 19:00:00,2025-02-07 21:30:00,Routine preventive maintenance
MNT-00011,LITHO-02,CORRECTIVE,2025-02-07 21:00:00,2025-02-08 00:26:00,General corrective maintenance
MNT-00024,INSP-01,PREVENTIVE,2025-02-10 16:00:00,2025-02-10 17:34:00,Routine preventive maintenance
MNT-00008,LITHO-01,CORRECTIVE,2025-02-12 13:00:00,2025-02-12 13:47:00,General corrective maintenance
MNT-00023,CMP-02,CALIBRATION,2025-02-16 11:00:00,2025-02-16 13:06:00,Sensor calibration check
MNT-00007,LITHO-01,PREVENTIVE,2025-02-18 19:00:00,2025-02-18 21:22:00,Routine preventive maintenance
MNT-00019,CMP-01,INSPECTION,2025-02-19 13:00:00,2025-02-19 15:33:00,General equipment inspection
MNT-00015,ETCH-02,PREVENTIVE,2025-02-23 20:00:00,2025-02-23 23:32:00,Routine preventive maintenance
MNT-00001,CLEAN-01,INSPECTION,2025-02-26 13:00:00,2025-02-26 16:10:00,General equipment inspection
MNT-00002,CLEAN-01,PREVENTIVE,2025-02-27 10:00:00,2025-02-27 13:01:00,Routine preventive maintenance
MNT-00016,IMPLANT-01,INSPECTION,2025-02-27 17:00:00,2025-02-27 20:44:00,General equipment inspection
