tool_id,tool_type,tool_name,installation_date,status
CLEAN-01,CLEAN,AquaClean Alpha,2019-06-12,ACTIVE
CLEAN-02,CLEAN,AquaClean Beta,2022-11-13,ACTIVE
DEP-01,DEPOSITION,FilmForge One,2019-06-06,ACTIVE
DEP-02,DEPOSITION,FilmForge Two,2022-06-26,MAINTENANCE
LITHO-01,LITHO,PatternStar One,2022-09-04,ACTIVE
LITHO-02,LITHO,PatternStar Two,2022-10-21,ACTIVE
ETCH-01,ETCH,EtchCraft One,2023-03-13,ACTIVE
ETCH-02,ETCH,EtchCraft Two,2021-04-01,MAINTENANCE
IMPLANT-01,IMPLANT,IonPath One,2022-11-27,ACTIVE
CMP-01,CMP,PlanarPro One,2022-03-21,ACTIVE
CMP-02,CMP,PlanarPro Two,2021-04-02,ACTIVE
INSP-01,INSPECTION,ViewCheck One,2020-02-19,ACTIVE
