wafer_id,lot_id,wafer_number,created_timestamp,current_status
WAF-000001,LOT-0001,1,2025-01-27 01:00:00,COMPLETED
WAF-000002,LOT-0001,2,2025-01-27 01:01:00,COMPLETED
WAF-000003,LOT-0001,3,2025-01-27 01:02:00,COMPLETED
WAF-000004,LOT-0001,4,2025-01-27 01:03:00,COMPLETED
WAF-000005,LOT-0001,5,2025-01-27 01:04:00,COMPLETED
WAF-000006,LOT-0001,6,2025-01-27 01:05:00,COMPLETED
WAF-000007,LOT-0001,7,2025-01-27 01:06:00,COMPLETED
WAF-000008,LOT-0001,8,2025-01-27 01:07:00,COMPLETED
WAF-000009,LOT-0001,9,2025-01-27 01:08:00,COMPLETED
WAF-000010,LOT-0001,10,2025-01-27 01:09:00,COMPLETED
WAF-000011,LOT-0001,11,2025-01-27 01:10:00,COMPLETED
WAF-000012,LOT-0001,12,2025-01-27 01:11:00,COMPLETED
WAF-000013,LOT-0001,13,2025-01-27 01:12:00,COMPLETED
WAF-000014,LOT-0001,14,2025-01-27 01:13:00,COMPLETED
WAF-000015,LOT-0002,1,2025-01-20 06:00:00,COMPLETED
WAF-000016,LOT-0002,2,2025-01-20 06:01:00,COMPLETED
WAF-000017,LOT-0002,3,2025-01-20 06:02:00,COMPLETED
WAF-000018,LOT-0002,4,2025-01-20 06:03:00,COMPLETED
WAF-000019,LOT-0002,5,2025-01-20 06:04:00,COMPLETED
WAF-000020,LOT-0002,6,2025-01-20 06:05:00,COMPLETED
WAF-000021,LOT-0002,7,2025-01-20 06:06:00,COMPLETED
WAF-000022,LOT-0002,8,2025-01-20 06:07:00,COMPLETED
WAF-000023,LOT-0002,9,2025-01-20 06:08:00,COMPLETED
WAF-000024,LOT-0002,10,2025-01-20 06:09:00,COMPLETED
WAF-000025,LOT-0002,11,2025-01-20 06:10:00,COMPLETED
WAF-000026,LOT-0002,12,2025-01-20 06:11:00,COMPLETED
WAF-000027,LOT-0002,13,2025-01-20 06:12:00,COMPLETED
WAF-000028,LOT-0002,14,2025-01-20 06:13:00,COMPLETED
WAF-000029,LOT-0002,15,2025-01-20 06:14:00,COMPLETED
WAF-000030,LOT-0002,16,2025-01-20 06:15:00,COMPLETED
WAF-000031,LOT-0002,17,2025-01-20 06:16:00,COMPLETED
WAF-000032,LOT-0002,18,2025-01-20 06:17:00,COMPLETED
WAF-000033,LOT-0002,19,2025-01-20 06:18:00,COMPLETED
WAF-000034,LOT-0002,20,2025-01-20 06:19:00,COMPLETED
WAF-000035,LOT-0002,21,2025-01-20 06:20:00,COMPLETED
WAF-000036,LOT-0002,22,2025-01-20 06:21:00,COMPLETED
WAF-000037,LOT-0002,23,2025-01-20 06:22:00,COMPLETED
WAF-000038,LOT-0002,24,2025-01-20 06:23:00,COMPLETED
WAF-000039,LOT-0002,25,2025-01-20 06:24:00,COMPLETED
WAF-000040,LOT-0003,1,2025-01-24 03:00:00,IN_PROCESS
WAF-000041,LOT-0003,2,2025-01-24 03:01:00,IN_PROCESS
WAF-000042,LOT-0003,3,2025-01-24 03:02:00,IN_PROCESS
WAF-000043,LOT-0003,4,2025-01-24 03:03:00,IN_PROCESS
WAF-000044,LOT-0003,5,2025-01-24 03:04:00,IN_PROCESS
WAF-000045,LOT-0003,6,2025-01-24 03:05:00,IN_PROCESS
WAF-000046,LOT-0003,7,2025-01-24 03:06:00,IN_PROCESS
WAF-000047,LOT-0003,8,2025-01-24 03:07:00,IN_PROCESS
WAF-000048,LOT-0003,9,2025-01-24 03:08:00,IN_PROCESS
WAF-000049,LOT-0003,10,2025-01-24 03:09:00,IN_PROCESS
WAF-000050,LOT-0003,11,2025-01-24 03:10:00,IN_PROCESS
WAF-000051,LOT-0003,12,2025-01-24 03:11:00,IN_PROCESS
WAF-000052,LOT-0003,13,2025-01-24 03:12:00,IN_PROCESS
WAF-000053,LOT-0003,14,2025-01-24 03:13:00,IN_PROCESS
WAF-000054,LOT-0003,15,2025-01-24 03:14:00,IN_PROCESS
WAF-000055,LOT-0004,1,2025-01-15 08:00:00,ON_HOLD
WAF-000056,LOT-0004,2,2025-01-15 08:01:00,ON_HOLD
WAF-000057,LOT-0004,3,2025-01-15 08:02:00,ON_HOLD
WAF-000058,LOT-0004,4,2025-01-15 08:03:00,ON_HOLD
WAF-000059,LOT-0004,5,2025-01-15 08:04:00,ON_HOLD
WAF-000060,LOT-0004,6,2025-01-15 08:05:00,ON_HOLD
WAF-000061,LOT-0004,7,2025-01-15 08:06:00,ON_HOLD
WAF-000062,LOT-0004,8,2025-01-15 08:07:00,ON_HOLD
WAF-000063,LOT-0004,9,2025-01-15 08:08:00,ON_HOLD
WAF-000064,LOT-0004,10,2025-01-15 08:09:00,ON_HOLD
WAF-000065,LOT-0004,11,2025-01-15 08:10:00,ON_HOLD
WAF-000066,LOT-0004,12,2025-01-15 08:11:00,ON_HOLD
WAF-000067,LOT-0004,13,2025-01-15 08:12:00,ON_HOLD
WAF-000068,LOT-0004,14,2025-01-15 08:13:00,ON_HOLD
WAF-000069,LOT-0004,15,2025-01-15 08:14:00,ON_HOLD
WAF-000070,LOT-0004,16,2025-01-15 08:15:00,ON_HOLD
WAF-000071,LOT-0004,17,2025-01-15 08:16:00,ON_HOLD
WAF-000072,LOT-0004,18,2025-01-15 08:17:00,ON_HOLD
WAF-000073,LOT-0004,19,2025-01-15 08:18:00,ON_HOLD
WAF-000074,LOT-0004,20,2025-01-15 08:19:00,ON_HOLD
WAF-000075,LOT-0005,1,2025-01-13 15:00:00,IN_PROCESS
WAF-000076,LOT-0005,2,2025-01-13 15:01:00,IN_PROCESS
WAF-000077,LOT-0005,3,2025-01-13 15:02:00,IN_PROCESS
WAF-000078,LOT-0005,4,2025-01-13 15:03:00,IN_PROCESS
WAF-000079,LOT-0005,5,2025-01-13 15:04:00,IN_PROCESS
WAF-000080,LOT-0005,6,2025-01-13 15:05:00,IN_PROCESS
WAF-000081,LOT-0005,7,2025-01-13 15:06:00,IN_PROCESS
WAF-000082,LOT-0005,8,2025-01-13 15:07:00,IN_PROCESS
WAF-000083,LOT-0005,9,2025-01-13 15:08:00,IN_PROCESS
WAF-000084,LOT-0005,10,2025-01-13 15:09:00,IN_PROCESS
WAF-000085,LOT-0005,11,2025-01-13 15:10:00,IN_PROCESS
WAF-000086,LOT-0005,12,2025-01-13 15:11:00,IN_PROCESS
WAF-000087,LOT-0005,13,2025-01-13 15:12:00,IN_PROCESS
WAF-000088,LOT-0005,14,2025-01-13 15:13:00,IN_PROCESS
WAF-000089,LOT-0005,15,2025-01-13 15:14:00,IN_PROCESS
WAF-000090,LOT-0005,16,2025-01-13 15:15:00,IN_PROCESS
WAF-000091,LOT-0005,17,2025-01-13 15:16:00,IN_PROCESS
WAF-000092,LOT-0005,18,2025-01-13 15:17:00,IN_PROCESS
WAF-000093,LOT-0005,19,2025-01-13 15:18:00,IN_PROCESS
WAF-000094,LOT-0005,20,2025-01-13 15:19:00,IN_PROCESS
WAF-000095,LOT-0005,21,2025-01-13 15:20:00,IN_PROCESS
WAF-000096,LOT-0005,22,2025-01-13 15:21:00,IN_PROCESS
WAF-000097,LOT-0005,23,2025-01-13 15:22:00,IN_PROCESS
WAF-000098,LOT-0005,24,2025-01-13 15:23:00,IN_PROCESS
WAF-000099,LOT-0006,1,2025-01-12 10:00:00,COMPLETED
WAF-000100,LOT-0006,2,2025-01-12 10:01:00,COMPLETED
WAF-000101,LOT-0006,3,2025-01-12 10:02:00,COMPLETED
WAF-000102,LOT-0006,4,2025-01-12 10:03:00,COMPLETED
WAF-000103,LOT-0006,5,2025-01-12 10:04:00,COMPLETED
WAF-000104,LOT-0006,6,2025-01-12 10:05:00,COMPLETED
WAF-000105,LOT-0006,7,2025-01-12 10:06:00,COMPLETED
WAF-000106,LOT-0006,8,2025-01-12 10:07:00,COMPLETED
WAF-000107,LOT-0006,9,2025-01-12 10:08:00,COMPLETED
WAF-000108,LOT-0006,10,2025-01-12 10:09:00,COMPLETED
WAF-000109,LOT-0006,11,2025-01-12 10:10:00,COMPLETED
WAF-000110,LOT-0006,12,2025-01-12 10:11:00,COMPLETED
WAF-000111,LOT-0007,1,2025-01-18 06:00:00,COMPLETED
WAF-000112,LOT-0007,2,2025-01-18 06:01:00,COMPLETED
WAF-000113,LOT-0007,3,2025-01-18 06:02:00,COMPLETED
WAF-000114,LOT-0007,4,2025-01-18 06:03:00,COMPLETED
WAF-000115,LOT-0007,5,2025-01-18 06:04:00,COMPLETED
WAF-000116,LOT-0007,6,2025-01-18 06:05:00,COMPLETED
WAF-000117,LOT-0007,7,2025-01-18 06:06:00,COMPLETED
WAF-000118,LOT-0007,8,2025-01-18 06:07:00,COMPLETED
WAF-000119,LOT-0007,9,2025-01-18 06:08:00,COMPLETED
WAF-000120,LOT-0007,10,2025-01-18 06:09:00,COMPLETED
WAF-000121,LOT-0007,11,2025-01-18 06:10:00,COMPLETED
WAF-000122,LOT-0007,12,2025-01-18 06:11:00,COMPLETED
WAF-000123,LOT-0007,13,2025-01-18 06:12:00,COMPLETED
WAF-000124,LOT-0007,14,2025-01-18 06:13:00,COMPLETED
WAF-000125,LOT-0007,15,2025-01-18 06:14:00,COMPLETED
WAF-000126,LOT-0007,16,2025-01-18 06:15:00,COMPLETED
WAF-000127,LOT-0007,17,2025-01-18 06:16:00,COMPLETED
WAF-000128,LOT-0007,18,2025-01-18 06:17:00,COMPLETED
WAF-000129,LOT-0007,19,2025-01-18 06:18:00,COMPLETED
WAF-000130,LOT-0007,20,2025-01-18 06:19:00,COMPLETED
WAF-000131,LOT-0007,21,2025-01-18 06:20:00,COMPLETED
WAF-000132,LOT-0007,22,2025-01-18 06:21:00,COMPLETED
WAF-000133,LOT-0007,23,2025-01-18 06:22:00,COMPLETED
WAF-000134,LOT-0007,24,2025-01-18 06:23:00,COMPLETED
WAF-000135,LOT-0007,25,2025-01-18 06:24:00,COMPLETED
WAF-000136,LOT-0008,1,2025-01-14 10:00:00,COMPLETED
WAF-000137,LOT-0008,2,2025-01-14 10:01:00,COMPLETED
WAF-000138,LOT-0008,3,2025-01-14 10:02:00,COMPLETED
WAF-000139,LOT-0008,4,2025-01-14 10:03:00,COMPLETED
WAF-000140,LOT-0008,5,2025-01-14 10:04:00,COMPLETED
WAF-000141,LOT-0008,6,2025-01-14 10:05:00,COMPLETED
WAF-000142,LOT-0008,7,2025-01-14 10:06:00,COMPLETED
WAF-000143,LOT-0008,8,2025-01-14 10:07:00,COMPLETED
WAF-000144,LOT-0008,9,2025-01-14 10:08:00,COMPLETED
WAF-000145,LOT-0008,10,2025-01-14 10:09:00,COMPLETED
WAF-000146,LOT-0008,11,2025-01-14 10:10:00,COMPLETED
WAF-000147,LOT-0008,12,2025-01-14 10:11:00,COMPLETED
WAF-000148,LOT-0008,13,2025-01-14 10:12:00,COMPLETED
WAF-000149,LOT-0008,14,2025-01-14 10:13:00,COMPLETED
WAF-000150,LOT-0009,1,2025-01-26 14:00:00,IN_PROCESS
WAF-000151,LOT-0009,2,2025-01-26 14:01:00,IN_PROCESS
WAF-000152,LOT-0009,3,2025-01-26 14:02:00,IN_PROCESS
WAF-000153,LOT-0009,4,2025-01-26 14:03:00,IN_PROCESS
WAF-000154,LOT-0009,5,2025-01-26 14:04:00,IN_PROCESS
WAF-000155,LOT-0009,6,2025-01-26 14:05:00,IN_PROCESS
WAF-000156,LOT-0009,7,2025-01-26 14:06:00,IN_PROCESS
WAF-000157,LOT-0009,8,2025-01-26 14:07:00,IN_PROCESS
WAF-000158,LOT-0009,9,2025-01-26 14:08:00,IN_PROCESS
WAF-000159,LOT-0009,10,2025-01-26 14:09:00,IN_PROCESS
WAF-000160,LOT-0009,11,2025-01-26 14:10:00,IN_PROCESS
WAF-000161,LOT-0009,12,2025-01-26 14:11:00,IN_PROCESS
WAF-000162,LOT-0009,13,2025-01-26 14:12:00,IN_PROCESS
WAF-000163,LOT-0009,14,2025-01-26 14:13:00,IN_PROCESS
WAF-000164,LOT-0009,15,2025-01-26 14:14:00,IN_PROCESS
WAF-000165,LOT-0009,16,2025-01-26 14:15:00,IN_PROCESS
WAF-000166,LOT-0009,17,2025-01-26 14:16:00,IN_PROCESS
WAF-000167,LOT-0009,18,2025-01-26 14:17:00,IN_PROCESS
WAF-000168,LOT-0009,19,2025-01-26 14:18:00,IN_PROCESS
WAF-000169,LOT-0009,20,2025-01-26 14:19:00,IN_PROCESS
WAF-000170,LOT-0009,21,2025-01-26 14:20:00,IN_PROCESS
WAF-000171,LOT-0009,22,2025-01-26 14:21:00,IN_PROCESS
WAF-000172,LOT-0009,23,2025-01-26 14:22:00,IN_PROCESS
WAF-000173,LOT-0009,24,2025-01-26 14:23:00,IN_PROCESS
WAF-000174,LOT-0010,1,2025-01-09 23:00:00,COMPLETED
WAF-000175,LOT-0010,2,2025-01-09 23:01:00,COMPLETED
WAF-000176,LOT-0010,3,2025-01-09 23:02:00,COMPLETED
WAF-000177,LOT-0010,4,2025-01-09 23:03:00,COMPLETED
WAF-000178,LOT-0010,5,2025-01-09 23:04:00,COMPLETED
WAF-000179,LOT-0010,6,2025-01-09 23:05:00,COMPLETED
WAF-000180,LOT-0010,7,2025-01-09 23:06:00,COMPLETED
WAF-000181,LOT-0010,8,2025-01-09 23:07:00,COMPLETED
WAF-000182,LOT-0010,9,2025-01-09 23:08:00,COMPLETED
WAF-000183,LOT-0010,10,2025-01-09 23:09:00,COMPLETED
WAF-000184,LOT-0010,11,2025-01-09 23:10:00,COMPLETED
WAF-000185,LOT-0010,12,2025-01-09 23:11:00,COMPLETED
WAF-000186,LOT-0010,13,2025-01-09 23:12:00,COMPLETED
WAF-000187,LOT-0011,1,2025-01-24 17:00:00,COMPLETED
WAF-000188,LOT-0011,2,2025-01-24 17:01:00,COMPLETED
WAF-000189,LOT-0011,3,2025-01-24 17:02:00,COMPLETED
WAF-000190,LOT-0011,4,2025-01-24 17:03:00,COMPLETED
WAF-000191,LOT-0011,5,2025-01-24 17:04:00,COMPLETED
WAF-000192,LOT-0011,6,2025-01-24 17:05:00,COMPLETED
WAF-000193,LOT-0011,7,2025-01-24 17:06:00,COMPLETED
WAF-000194,LOT-0011,8,2025-01-24 17:07:00,COMPLETED
WAF-000195,LOT-0011,9,2025-01-24 17:08:00,COMPLETED
WAF-000196,LOT-0011,10,2025-01-24 17:09:00,COMPLETED
WAF-000197,LOT-0011,11,2025-01-24 17:10:00,COMPLETED
WAF-000198,LOT-0011,12,2025-01-24 17:11:00,COMPLETED
WAF-000199,LOT-0011,13,2025-01-24 17:12:00,COMPLETED
WAF-000200,LOT-0011,14,2025-01-24 17:13:00,COMPLETED
WAF-000201,LOT-0011,15,2025-01-24 17:14:00,COMPLETED
WAF-000202,LOT-0011,16,2025-01-24 17:15:00,COMPLETED
WAF-000203,LOT-0011,17,2025-01-24 17:16:00,COMPLETED
WAF-000204,LOT-0012,1,2025-01-22 11:00:00,IN_PROCESS
WAF-000205,LOT-0012,2,2025-01-22 11:01:00,IN_PROCESS
WAF-000206,LOT-0012,3,2025-01-22 11:02:00,IN_PROCESS
WAF-000207,LOT-0012,4,2025-01-22 11:03:00,IN_PROCESS
WAF-000208,LOT-0012,5,2025-01-22 11:04:00,IN_PROCESS
WAF-000209,LOT-0012,6,2025-01-22 11:05:00,IN_PROCESS
WAF-000210,LOT-0012,7,2025-01-22 11:06:00,IN_PROCESS
WAF-000211,LOT-0012,8,2025-01-22 11:07:00,IN_PROCESS
WAF-000212,LOT-0012,9,2025-01-22 11:08:00,IN_PROCESS
WAF-000213,LOT-0012,10,2025-01-22 11:09:00,IN_PROCESS
WAF-000214,LOT-0012,11,2025-01-22 11:10:00,IN_PROCESS
WAF-000215,LOT-0012,12,2025-01-22 11:11:00,IN_PROCESS
WAF-000216,LOT-0012,13,2025-01-22 11:12:00,IN_PROCESS
WAF-000217,LOT-0012,14,2025-01-22 11:13:00,IN_PROCESS
WAF-000218,LOT-0012,15,2025-01-22 11:14:00,IN_PROCESS
WAF-000219,LOT-0012,16,2025-01-22 11:15:00,IN_PROCESS
WAF-000220,LOT-0012,17,2025-01-22 11:16:00,IN_PROCESS
WAF-000221,LOT-0012,18,2025-01-22 11:17:00,IN_PROCESS
WAF-000222,LOT-0012,19,2025-01-22 11:18:00,IN_PROCESS
WAF-000223,LOT-0013,1,2025-01-14 12:00:00,COMPLETED
WAF-000224,LOT-0013,2,2025-01-14 12:01:00,COMPLETED
WAF-000225,LOT-0013,3,2025-01-14 12:02:00,COMPLETED
WAF-000226,LOT-0013,4,2025-01-14 12:03:00,COMPLETED
WAF-000227,LOT-0013,5,2025-01-14 12:04:00,COMPLETED
WAF-000228,LOT-0013,6,2025-01-14 12:05:00,COMPLETED
WAF-000229,LOT-0013,7,2025-01-14 12:06:00,COMPLETED
WAF-000230,LOT-0013,8,2025-01-14 12:07:00,COMPLETED
WAF-000231,LOT-0013,9,2025-01-14 12:08:00,COMPLETED
WAF-000232,LOT-0013,10,2025-01-14 12:09:00,COMPLETED
WAF-000233,LOT-0013,11,2025-01-14 12:10:00,COMPLETED
WAF-000234,LOT-0013,12,2025-01-14 12:11:00,COMPLETED
WAF-000235,LOT-0013,13,2025-01-14 12:12:00,COMPLETED
WAF-000236,LOT-0013,14,2025-01-14 12:13:00,COMPLETED
WAF-000237,LOT-0013,15,2025-01-14 12:14:00,COMPLETED
WAF-000238,LOT-0013,16,2025-01-14 12:15:00,COMPLETED
WAF-000239,LOT-0013,17,2025-01-14 12:16:00,COMPLETED
WAF-000240,LOT-0013,18,2025-01-14 12:17:00,COMPLETED
WAF-000241,LOT-0013,19,2025-01-14 12:18:00,COMPLETED
WAF-000242,LOT-0013,20,2025-01-14 12:19:00,COMPLETED
WAF-000243,LOT-0014,1,2025-01-15 11:00:00,COMPLETED
WAF-000244,LOT-0014,2,2025-01-15 11:01:00,COMPLETED
WAF-000245,LOT-0014,3,2025-01-15 11:02:00,COMPLETED
WAF-000246,LOT-0014,4,2025-01-15 11:03:00,COMPLETED
WAF-000247,LOT-0014,5,2025-01-15 11:04:00,COMPLETED
WAF-000248,LOT-0014,6,2025-01-15 11:05:00,COMPLETED
WAF-000249,LOT-0014,7,2025-01-15 11:06:00,COMPLETED
WAF-000250,LOT-0014,8,2025-01-15 11:07:00,COMPLETED
WAF-000251,LOT-0014,9,2025-01-15 11:08:00,COMPLETED
WAF-000252,LOT-0014,10,2025-01-15 11:09:00,COMPLETED
WAF-000253,LOT-0014,11,2025-01-15 11:10:00,COMPLETED
WAF-000254,LOT-0014,12,2025-01-15 11:11:00,COMPLETED
WAF-000255,LOT-0014,13,2025-01-15 11:12:00,COMPLETED
WAF-000256,LOT-0014,14,2025-01-15 11:13:00,COMPLETED
WAF-000257,LOT-0014,15,2025-01-15 11:14:00,COMPLETED
WAF-000258,LOT-0014,16,2025-01-15 11:15:00,COMPLETED
WAF-000259,LOT-0014,17,2025-01-15 11:16:00,COMPLETED
WAF-000260,LOT-0014,18,2025-01-15 11:17:00,COMPLETED
WAF-000261,LOT-0014,19,2025-01-15 11:18:00,COMPLETED
WAF-000262,LOT-0014,20,2025-01-15 11:19:00,COMPLETED
WAF-000263,LOT-0015,1,2025-01-25 04:00:00,COMPLETED
WAF-000264,LOT-0015,2,2025-01-25 04:01:00,COMPLETED
WAF-000265,LOT-0015,3,2025-01-25 04:02:00,COMPLETED
WAF-000266,LOT-0015,4,2025-01-25 04:03:00,COMPLETED
WAF-000267,LOT-0015,5,2025-01-25 04:04:00,COMPLETED
WAF-000268,LOT-0015,6,2025-01-25 04:05:00,COMPLETED
WAF-000269,LOT-0015,7,2025-01-25 04:06:00,COMPLETED
WAF-000270,LOT-0015,8,2025-01-25 04:07:00,COMPLETED
WAF-000271,LOT-0015,9,2025-01-25 04:08:00,COMPLETED
WAF-000272,LOT-0015,10,2025-01-25 04:09:00,COMPLETED
WAF-000273,LOT-0015,11,2025-01-25 04:10:00,COMPLETED
WAF-000274,LOT-0015,12,2025-01-25 04:11:00,COMPLETED
WAF-000275,LOT-0015,13,2025-01-25 04:12:00,COMPLETED
WAF-000276,LOT-0015,14,2025-01-25 04:13:00,COMPLETED
WAF-000277,LOT-0015,15,2025-01-25 04:14:00,COMPLETED
WAF-000278,LOT-0015,16,2025-01-25 04:15:00,COMPLETED
WAF-000279,LOT-0015,17,2025-01-25 04:16:00,COMPLETED
WAF-000280,LOT-0015,18,2025-01-25 04:17:00,COMPLETED
WAF-000281,LOT-0015,19,2025-01-25 04:18:00,COMPLETED
WAF-000282,LOT-0016,1,2025-01-02 06:00:00,COMPLETED
WAF-000283,LOT-0016,2,2025-01-02 06:01:00,COMPLETED
WAF-000284,LOT-0016,3,2025-01-02 06:02:00,COMPLETED
WAF-000285,LOT-0016,4,2025-01-02 06:03:00,COMPLETED
WAF-000286,LOT-0016,5,2025-01-02 06:04:00,COMPLETED
WAF-000287,LOT-0016,6,2025-01-02 06:05:00,COMPLETED
WAF-000288,LOT-0016,7,2025-01-02 06:06:00,COMPLETED
WAF-000289,LOT-0016,8,2025-01-02 06:07:00,COMPLETED
WAF-000290,LOT-0016,9,2025-01-02 06:08:00,COMPLETED
WAF-000291,LOT-0016,10,2025-01-02 06:09:00,COMPLETED
WAF-000292,LOT-0016,11,2025-01-02 06:10:00,COMPLETED
WAF-000293,LOT-0016,12,2025-01-02 06:11:00,COMPLETED
WAF-000294,LOT-0016,13,2025-01-02 06:12:00,COMPLETED
WAF-000295,LOT-0016,14,2025-01-02 06:13:00,COMPLETED
WAF-000296,LOT-0016,15,2025-01-02 06:14:00,COMPLETED
WAF-000297,LOT-0016,16,2025-01-02 06:15:00,COMPLETED
WAF-000298,LOT-0017,1,2025-01-25 23:00:00,COMPLETED
WAF-000299,LOT-0017,2,2025-01-25 23:01:00,COMPLETED
WAF-000300,LOT-0017,3,2025-01-25 23:02:00,COMPLETED
WAF-000301,LOT-0017,4,2025-01-25 23:03:00,COMPLETED
WAF-000302,LOT-0017,5,2025-01-25 23:04:00,COMPLETED
WAF-000303,LOT-0017,6,2025-01-25 23:05:00,COMPLETED
WAF-000304,LOT-0017,7,2025-01-25 23:06:00,COMPLETED
WAF-000305,LOT-0017,8,2025-01-25 23:07:00,COMPLETED
WAF-000306,LOT-0017,9,2025-01-25 23:08:00,COMPLETED
WAF-000307,LOT-0017,10,2025-01-25 23:09:00,COMPLETED
WAF-000308,LOT-0017,11,2025-01-25 23:10:00,COMPLETED
WAF-000309,LOT-0017,12,2025-01-25 23:11:00,COMPLETED
WAF-000310,LOT-0017,13,2025-01-25 23:12:00,COMPLETED
WAF-000311,LOT-0017,14,2025-01-25 23:13:00,COMPLETED
WAF-000312,LOT-0017,15,2025-01-25 23:14:00,COMPLETED
WAF-000313,LOT-0017,16,2025-01-25 23:15:00,COMPLETED
WAF-000314,LOT-0017,17,2025-01-25 23:16:00,COMPLETED
WAF-000315,LOT-0017,18,2025-01-25 23:17:00,COMPLETED
WAF-000316,LOT-0017,19,2025-01-25 23:18:00,COMPLETED
WAF-000317,LOT-0017,20,2025-01-25 23:19:00,COMPLETED
WAF-000318,LOT-0017,21,2025-01-25 23:20:00,COMPLETED
WAF-000319,LOT-0017,22,2025-01-25 23:21:00,COMPLETED
WAF-000320,LOT-0017,23,2025-01-25 23:22:00,COMPLETED
WAF-000321,LOT-0018,1,2025-01-09 18:00:00,COMPLETED
WAF-000322,LOT-0018,2,2025-01-09 18:01:00,COMPLETED
WAF-000323,LOT-0018,3,2025-01-09 18:02:00,COMPLETED
WAF-000324,LOT-0018,4,2025-01-09 18:03:00,COMPLETED
WAF-000325,LOT-0018,5,2025-01-09 18:04:00,COMPLETED
WAF-000326,LOT-0018,6,2025-01-09 18:05:00,COMPLETED
WAF-000327,LOT-0018,7,2025-01-09 18:06:00,COMPLETED
WAF-000328,LOT-0018,8,2025-01-09 18:07:00,COMPLETED
WAF-000329,LOT-0018,9,2025-01-09 18:08:00,COMPLETED
WAF-000330,LOT-0018,10,2025-01-09 18:09:00,COMPLETED
WAF-000331,LOT-0018,11,2025-01-09 18:10:00,COMPLETED
WAF-000332,LOT-0018,12,2025-01-09 18:11:00,COMPLETED
WAF-000333,LOT-0018,13,2025-01-09 18:12:00,COMPLETED
WAF-000334,LOT-0018,14,2025-01-09 18:13:00,COMPLETED
WAF-000335,LOT-0018,15,2025-01-09 18:14:00,COMPLETED
WAF-000336,LOT-0018,16,2025-01-09 18:15:00,COMPLETED
WAF-000337,LOT-0018,17,2025-01-09 18:16:00,COMPLETED
WAF-000338,LOT-0018,18,2025-01-09 18:17:00,COMPLETED
WAF-000339,LOT-0019,1,2025-01-13 14:00:00,IN_PROCESS
WAF-000340,LOT-0019,2,2025-01-13 14:01:00,IN_PROCESS
WAF-000341,LOT-0019,3,2025-01-13 14:02:00,IN_PROCESS
WAF-000342,LOT-0019,4,2025-01-13 14:03:00,IN_PROCESS
WAF-000343,LOT-0019,5,2025-01-13 14:04:00,IN_PROCESS
WAF-000344,LOT-0019,6,2025-01-13 14:05:00,IN_PROCESS
WAF-000345,LOT-0019,7,2025-01-13 14:06:00,IN_PROCESS
WAF-000346,LOT-0019,8,2025-01-13 14:07:00,IN_PROCESS
WAF-000347,LOT-0019,9,2025-01-13 14:08:00,IN_PROCESS
WAF-000348,LOT-0019,10,2025-01-13 14:09:00,IN_PROCESS
WAF-000349,LOT-0019,11,2025-01-13 14:10:00,IN_PROCESS
WAF-000350,LOT-0019,12,2025-01-13 14:11:00,IN_PROCESS
WAF-000351,LOT-0019,13,2025-01-13 14:12:00,IN_PROCESS
WAF-000352,LOT-0019,14,2025-01-13 14:13:00,IN_PROCESS
WAF-000353,LOT-0019,15,2025-01-13 14:14:00,IN_PROCESS
WAF-000354,LOT-0019,16,2025-01-13 14:15:00,IN_PROCESS
WAF-000355,LOT-0020,1,2025-01-25 18:00:00,COMPLETED
WAF-000356,LOT-0020,2,2025-01-25 18:01:00,COMPLETED
WAF-000357,LOT-0020,3,2025-01-25 18:02:00,COMPLETED
WAF-000358,LOT-0020,4,2025-01-25 18:03:00,COMPLETED
WAF-000359,LOT-0020,5,2025-01-25 18:04:00,COMPLETED
WAF-000360,LOT-0020,6,2025-01-25 18:05:00,COMPLETED
WAF-000361,LOT-0020,7,2025-01-25 18:06:00,COMPLETED
WAF-000362,LOT-0020,8,2025-01-25 18:07:00,COMPLETED
WAF-000363,LOT-0020,9,2025-01-25 18:08:00,COMPLETED
WAF-000364,LOT-0020,10,2025-01-25 18:09:00,COMPLETED
WAF-000365,LOT-0020,11,2025-01-25 18:10:00,COMPLETED
WAF-000366,LOT-0021,1,2025-01-22 20:00:00,COMPLETED
WAF-000367,LOT-0021,2,2025-01-22 20:01:00,COMPLETED
WAF-000368,LOT-0021,3,2025-01-22 20:02:00,COMPLETED
WAF-000369,LOT-0021,4,2025-01-22 20:03:00,COMPLETED
WAF-000370,LOT-0021,5,2025-01-22 20:04:00,COMPLETED
WAF-000371,LOT-0021,6,2025-01-22 20:05:00,COMPLETED
WAF-000372,LOT-0021,7,2025-01-22 20:06:00,COMPLETED
WAF-000373,LOT-0021,8,2025-01-22 20:07:00,COMPLETED
WAF-000374,LOT-0021,9,2025-01-22 20:08:00,COMPLETED
WAF-000375,LOT-0021,10,2025-01-22 20:09:00,COMPLETED
WAF-000376,LOT-0021,11,2025-01-22 20:10:00,COMPLETED
WAF-000377,LOT-0021,12,2025-01-22 20:11:00,COMPLETED
WAF-000378,LOT-0021,13,2025-01-22 20:12:00,COMPLETED
WAF-000379,LOT-0021,14,2025-01-22 20:13:00,COMPLETED
WAF-000380,LOT-0021,15,2025-01-22 20:14:00,COMPLETED
WAF-000381,LOT-0021,16,2025-01-22 20:15:00,COMPLETED
WAF-000382,LOT-0021,17,2025-01-22 20:16:00,COMPLETED
WAF-000383,LOT-0021,18,2025-01-22 20:17:00,COMPLETED
WAF-000384,LOT-0021,19,2025-01-22 20:18:00,COMPLETED
WAF-000385,LOT-0021,20,2025-01-22 20:19:00,COMPLETED
WAF-000386,LOT-0021,21,2025-01-22 20:20:00,COMPLETED
WAF-000387,LOT-0021,22,2025-01-22 20:21:00,COMPLETED
WAF-000388,LOT-0021,23,2025-01-22 20:22:00,COMPLETED
WAF-000389,LOT-0021,24,2025-01-22 20:23:00,COMPLETED
WAF-000390,LOT-0022,1,2025-01-16 08:00:00,COMPLETED
WAF-000391,LOT-0022,2,2025-01-16 08:01:00,COMPLETED
WAF-000392,LOT-0022,3,2025-01-16 08:02:00,COMPLETED
WAF-000393,LOT-0022,4,2025-01-16 08:03:00,COMPLETED
WAF-000394,LOT-0022,5,2025-01-16 08:04:00,COMPLETED
WAF-000395,LOT-0022,6,2025-01-16 08:05:00,COMPLETED
WAF-000396,LOT-0022,7,2025-01-16 08:06:00,COMPLETED
WAF-000397,LOT-0022,8,2025-01-16 08:07:00,COMPLETED
WAF-000398,LOT-0022,9,2025-01-16 08:08:00,COMPLETED
WAF-000399,LOT-0022,10,2025-01-16 08:09:00,COMPLETED
WAF-000400,LOT-0022,11,2025-01-16 08:10:00,COMPLETED
WAF-000401,LOT-0022,12,2025-01-16 08:11:00,COMPLETED
WAF-000402,LOT-0022,13,2025-01-16 08:12:00,COMPLETED
WAF-000403,LOT-0022,14,2025-01-16 08:13:00,COMPLETED
WAF-000404,LOT-0022,15,2025-01-16 08:14:00,COMPLETED
WAF-000405,LOT-0022,16,2025-01-16 08:15:00,COMPLETED
WAF-000406,LOT-0022,17,2025-01-16 08:16:00,COMPLETED
WAF-000407,LOT-0023,1,2025-01-21 20:00:00,IN_PROCESS
WAF-000408,LOT-0023,2,2025-01-21 20:01:00,IN_PROCESS
WAF-000409,LOT-0023,3,2025-01-21 20:02:00,IN_PROCESS
WAF-000410,LOT-0023,4,2025-01-21 20:03:00,IN_PROCESS
WAF-000411,LOT-0023,5,2025-01-21 20:04:00,IN_PROCESS
WAF-000412,LOT-0023,6,2025-01-21 20:05:00,IN_PROCESS
WAF-000413,LOT-0023,7,2025-01-21 20:06:00,IN_PROCESS
WAF-000414,LOT-0023,8,2025-01-21 20:07:00,IN_PROCESS
WAF-000415,LOT-0023,9,2025-01-21 20:08:00,IN_PROCESS
WAF-000416,LOT-0023,10,2025-01-21 20:09:00,IN_PROCESS
WAF-000417,LOT-0023,11,2025-01-21 20:10:00,IN_PROCESS
WAF-000418,LOT-0023,12,2025-01-21 20:11:00,IN_PROCESS
WAF-000419,LOT-0023,13,2025-01-21 20:12:00,IN_PROCESS
WAF-000420,LOT-0023,14,2025-01-21 20:13:00,IN_PROCESS
WAF-000421,LOT-0023,15,2025-01-21 20:14:00,IN_PROCESS
WAF-000422,LOT-0023,16,2025-01-21 20:15:00,IN_PROCESS
WAF-000423,LOT-0023,17,2025-01-21 20:16:00,IN_PROCESS
WAF-000424,LOT-0023,18,2025-01-21 20:17:00,IN_PROCESS
WAF-000425,LOT-0023,19,2025-01-21 20:18:00,IN_PROCESS
WAF-000426,LOT-0024,1,2025-01-12 04:00:00,COMPLETED
WAF-000427,LOT-0024,2,2025-01-12 04:01:00,COMPLETED
WAF-000428,LOT-0024,3,2025-01-12 04:02:00,COMPLETED
WAF-000429,LOT-0024,4,2025-01-12 04:03:00,COMPLETED
WAF-000430,LOT-0024,5,2025-01-12 04:04:00,COMPLETED
WAF-000431,LOT-0024,6,2025-01-12 04:05:00,COMPLETED
WAF-000432,LOT-0024,7,2025-01-12 04:06:00,COMPLETED
WAF-000433,LOT-0024,8,2025-01-12 04:07:00,COMPLETED
WAF-000434,LOT-0024,9,2025-01-12 04:08:00,COMPLETED
WAF-000435,LOT-0024,10,2025-01-12 04:09:00,COMPLETED
WAF-000436,LOT-0024,11,2025-01-12 04:10:00,COMPLETED
WAF-000437,LOT-0024,12,2025-01-12 04:11:00,COMPLETED
WAF-000438,LOT-0024,13,2025-01-12 04:12:00,COMPLETED
WAF-000439,LOT-0024,14,2025-01-12 04:13:00,COMPLETED
WAF-000440,LOT-0024,15,2025-01-12 04:14:00,COMPLETED
WAF-000441,LOT-0024,16,2025-01-12 04:15:00,COMPLETED
WAF-000442,LOT-0024,17,2025-01-12 04:16:00,COMPLETED
WAF-000443,LOT-0024,18,2025-01-12 04:17:00,COMPLETED
WAF-000444,LOT-0024,19,2025-01-12 04:18:00,COMPLETED
WAF-000445,LOT-0024,20,2025-01-12 04:19:00,COMPLETED
WAF-000446,LOT-0024,21,2025-01-12 04:20:00,COMPLETED
WAF-000447,LOT-0024,22,2025-01-12 04:21:00,COMPLETED
WAF-000448,LOT-0024,23,2025-01-12 04:22:00,COMPLETED
WAF-000449,LOT-0024,24,2025-01-12 04:23:00,COMPLETED
WAF-000450,LOT-0024,25,2025-01-12 04:24:00,COMPLETED
WAF-000451,LOT-0025,1,2025-01-15 01:00:00,COMPLETED
WAF-000452,LOT-0025,2,2025-01-15 01:01:00,COMPLETED
WAF-000453,LOT-0025,3,2025-01-15 01:02:00,COMPLETED
WAF-000454,LOT-0025,4,2025-01-15 01:03:00,COMPLETED
WAF-000455,LOT-0025,5,2025-01-15 01:04:00,COMPLETED
WAF-000456,LOT-0025,6,2025-01-15 01:05:00,COMPLETED
WAF-000457,LOT-0025,7,2025-01-15 01:06:00,COMPLETED
WAF-000458,LOT-0025,8,2025-01-15 01:07:00,COMPLETED
WAF-000459,LOT-0025,9,2025-01-15 01:08:00,COMPLETED
WAF-000460,LOT-0025,10,2025-01-15 01:09:00,COMPLETED
WAF-000461,LOT-0025,11,2025-01-15 01:10:00,COMPLETED
WAF-000462,LOT-0025,12,2025-01-15 01:11:00,COMPLETED
WAF-000463,LOT-0025,13,2025-01-15 01:12:00,COMPLETED
WAF-000464,LOT-0025,14,2025-01-15 01:13:00,COMPLETED
WAF-000465,LOT-0025,15,2025-01-15 01:14:00,COMPLETED
WAF-000466,LOT-0025,16,2025-01-15 01:15:00,COMPLETED
WAF-000467,LOT-0025,17,2025-01-15 01:16:00,COMPLETED
WAF-000468,LOT-0025,18,2025-01-15 01:17:00,COMPLETED
WAF-000469,LOT-0025,19,2025-01-15 01:18:00,COMPLETED
WAF-000470,LOT-0025,20,2025-01-15 01:19:00,COMPLETED
WAF-000471,LOT-0025,21,2025-01-15 01:20:00,COMPLETED
WAF-000472,LOT-0025,22,2025-01-15 01:21:00,COMPLETED
WAF-000473,LOT-0026,1,2025-01-30 09:00:00,IN_PROCESS
WAF-000474,LOT-0026,2,2025-01-30 09:01:00,IN_PROCESS
WAF-000475,LOT-0026,3,2025-01-30 09:02:00,IN_PROCESS
WAF-000476,LOT-0026,4,2025-01-30 09:03:00,IN_PROCESS
WAF-000477,LOT-0026,5,2025-01-30 09:04:00,IN_PROCESS
WAF-000478,LOT-0026,6,2025-01-30 09:05:00,IN_PROCESS
WAF-000479,LOT-0026,7,2025-01-30 09:06:00,IN_PROCESS
WAF-000480,LOT-0026,8,2025-01-30 09:07:00,IN_PROCESS
WAF-000481,LOT-0026,9,2025-01-30 09:08:00,IN_PROCESS
WAF-000482,LOT-0026,10,2025-01-30 09:09:00,IN_PROCESS
WAF-000483,LOT-0026,11,2025-01-30 09:10:00,IN_PROCESS
WAF-000484,LOT-0026,12,2025-01-30 09:11:00,IN_PROCESS
WAF-000485,LOT-0026,13,2025-01-30 09:12:00,IN_PROCESS
WAF-000486,LOT-0026,14,2025-01-30 09:13:00,IN_PROCESS
WAF-000487,LOT-0026,15,2025-01-30 09:14:00,IN_PROCESS
WAF-000488,LOT-0026,16,2025-01-30 09:15:00,IN_PROCESS
WAF-000489,LOT-0026,17,2025-01-30 09:16:00,IN_PROCESS
WAF-000490,LOT-0027,1,2025-01-14 17:00:00,COMPLETED
WAF-000491,LOT-0027,2,2025-01-14 17:01:00,COMPLETED
WAF-000492,LOT-0027,3,2025-01-14 17:02:00,COMPLETED
WAF-000493,LOT-0027,4,2025-01-14 17:03:00,COMPLETED
WAF-000494,LOT-0027,5,2025-01-14 17:04:00,COMPLETED
WAF-000495,LOT-0027,6,2025-01-14 17:05:00,COMPLETED
WAF-000496,LOT-0027,7,2025-01-14 17:06:00,COMPLETED
WAF-000497,LOT-0027,8,2025-01-14 17:07:00,COMPLETED
WAF-000498,LOT-0027,9,2025-01-14 17:08:00,COMPLETED
WAF-000499,LOT-0027,10,2025-01-14 17:09:00,COMPLETED
WAF-000500,LOT-0027,11,2025-01-14 17:10:00,COMPLETED
WAF-000501,LOT-0027,12,2025-01-14 17:11:00,COMPLETED
WAF-000502,LOT-0028,1,2025-01-15 00:00:00,COMPLETED
WAF-000503,LOT-0028,2,2025-01-15 00:01:00,COMPLETED
WAF-000504,LOT-0028,3,2025-01-15 00:02:00,COMPLETED
WAF-000505,LOT-0028,4,2025-01-15 00:03:00,COMPLETED
WAF-000506,LOT-0028,5,2025-01-15 00:04:00,COMPLETED
WAF-000507,LOT-0028,6,2025-01-15 00:05:00,COMPLETED
WAF-000508,LOT-0028,7,2025-01-15 00:06:00,COMPLETED
WAF-000509,LOT-0028,8,2025-01-15 00:07:00,COMPLETED
WAF-000510,LOT-0028,9,2025-01-15 00:08:00,COMPLETED
WAF-000511,LOT-0028,10,2025-01-15 00:09:00,COMPLETED
WAF-000512,LOT-0028,11,2025-01-15 00:10:00,COMPLETED
WAF-000513,LOT-0028,12,2025-01-15 00:11:00,COMPLETED
WAF-000514,LOT-0028,13,2025-01-15 00:12:00,COMPLETED
WAF-000515,LOT-0028,14,2025-01-15 00:13:00,COMPLETED
WAF-000516,LOT-0028,15,2025-01-15 00:14:00,COMPLETED
WAF-000517,LOT-0028,16,2025-01-15 00:15:00,COMPLETED
WAF-000518,LOT-0028,17,2025-01-15 00:16:00,COMPLETED
WAF-000519,LOT-0028,18,2025-01-15 00:17:00,COMPLETED
WAF-000520,LOT-0028,19,2025-01-15 00:18:00,COMPLETED
WAF-000521,LOT-0029,1,2025-01-01 22:00:00,COMPLETED
WAF-000522,LOT-0029,2,2025-01-01 22:01:00,COMPLETED
WAF-000523,LOT-0029,3,2025-01-01 22:02:00,COMPLETED
WAF-000524,LOT-0029,4,2025-01-01 22:03:00,COMPLETED
WAF-000525,LOT-0029,5,2025-01-01 22:04:00,COMPLETED
WAF-000526,LOT-0029,6,2025-01-01 22:05:00,COMPLETED
WAF-000527,LOT-0029,7,2025-01-01 22:06:00,COMPLETED
WAF-000528,LOT-0029,8,2025-01-01 22:07:00,COMPLETED
WAF-000529,LOT-0029,9,2025-01-01 22:08:00,COMPLETED
WAF-000530,LOT-0029,10,2025-01-01 22:09:00,COMPLETED
WAF-000531,LOT-0029,11,2025-01-01 22:10:00,COMPLETED
WAF-000532,LOT-0029,12,2025-01-01 22:11:00,COMPLETED
WAF-000533,LOT-0029,13,2025-01-01 22:12:00,COMPLETED
WAF-000534,LOT-0029,14,2025-01-01 22:13:00,COMPLETED
WAF-000535,LOT-0029,15,2025-01-01 22:14:00,COMPLETED
WAF-000536,LOT-0029,16,2025-01-01 22:15:00,COMPLETED
WAF-000537,LOT-0029,17,2025-01-01 22:16:00,COMPLETED
WAF-000538,LOT-0030,1,2025-01-22 22:00:00,IN_PROCESS
WAF-000539,LOT-0030,2,2025-01-22 22:01:00,IN_PROCESS
WAF-000540,LOT-0030,3,2025-01-22 22:02:00,IN_PROCESS
WAF-000541,LOT-0030,4,2025-01-22 22:03:00,IN_PROCESS
WAF-000542,LOT-0030,5,2025-01-22 22:04:00,IN_PROCESS
WAF-000543,LOT-0030,6,2025-01-22 22:05:00,IN_PROCESS
WAF-000544,LOT-0030,7,2025-01-22 22:06:00,IN_PROCESS
WAF-000545,LOT-0030,8,2025-01-22 22:07:00,IN_PROCESS
WAF-000546,LOT-0030,9,2025-01-22 22:08:00,IN_PROCESS
WAF-000547,LOT-0030,10,2025-01-22 22:09:00,IN_PROCESS
WAF-000548,LOT-0030,11,2025-01-22 22:10:00,IN_PROCESS
WAF-000549,LOT-0030,12,2025-01-22 22:11:00,IN_PROCESS
WAF-000550,LOT-0030,13,2025-01-22 22:12:00,IN_PROCESS
WAF-000551,LOT-0030,14,2025-01-22 22:13:00,IN_PROCESS
WAF-000552,LOT-0030,15,2025-01-22 22:14:00,IN_PROCESS
WAF-000553,LOT-0030,16,2025-01-22 22:15:00,IN_PROCESS
WAF-000554,LOT-0030,17,2025-01-22 22:16:00,IN_PROCESS
WAF-000555,LOT-0030,18,2025-01-22 22:17:00,IN_PROCESS
WAF-000556,LOT-0030,19,2025-01-22 22:18:00,IN_PROCESS
WAF-000557,LOT-0031,1,2025-01-24 01:00:00,COMPLETED
WAF-000558,LOT-0031,2,2025-01-24 01:01:00,COMPLETED
WAF-000559,LOT-0031,3,2025-01-24 01:02:00,COMPLETED
WAF-000560,LOT-0031,4,2025-01-24 01:03:00,COMPLETED
WAF-000561,LOT-0031,5,2025-01-24 01:04:00,COMPLETED
WAF-000562,LOT-0031,6,2025-01-24 01:05:00,COMPLETED
WAF-000563,LOT-0031,7,2025-01-24 01:06:00,COMPLETED
WAF-000564,LOT-0031,8,2025-01-24 01:07:00,COMPLETED
WAF-000565,LOT-0031,9,2025-01-24 01:08:00,COMPLETED
WAF-000566,LOT-0031,10,2025-01-24 01:09:00,COMPLETED
WAF-000567,LOT-0031,11,2025-01-24 01:10:00,COMPLETED
WAF-000568,LOT-0031,12,2025-01-24 01:11:00,COMPLETED
WAF-000569,LOT-0031,13,2025-01-24 01:12:00,COMPLETED
WAF-000570,LOT-0031,14,2025-01-24 01:13:00,COMPLETED
WAF-000571,LOT-0031,15,2025-01-24 01:14:00,COMPLETED
WAF-000572,LOT-0031,16,2025-01-24 01:15:00,COMPLETED
WAF-000573,LOT-0031,17,2025-01-24 01:16:00,COMPLETED
WAF-000574,LOT-0031,18,2025-01-24 01:17:00,COMPLETED
WAF-000575,LOT-0031,19,2025-01-24 01:18:00,COMPLETED
WAF-000576,LOT-0031,20,2025-01-24 01:19:00,COMPLETED
WAF-000577,LOT-0031,21,2025-01-24 01:20:00,COMPLETED
WAF-000578,LOT-0031,22,2025-01-24 01:21:00,COMPLETED
WAF-000579,LOT-0032,1,2025-01-02 13:00:00,COMPLETED
WAF-000580,LOT-0032,2,2025-01-02 13:01:00,COMPLETED
WAF-000581,LOT-0032,3,2025-01-02 13:02:00,COMPLETED
WAF-000582,LOT-0032,4,2025-01-02 13:03:00,COMPLETED
WAF-000583,LOT-0032,5,2025-01-02 13:04:00,COMPLETED
WAF-000584,LOT-0032,6,2025-01-02 13:05:00,COMPLETED
WAF-000585,LOT-0032,7,2025-01-02 13:06:00,COMPLETED
WAF-000586,LOT-0032,8,2025-01-02 13:07:00,COMPLETED
WAF-000587,LOT-0032,9,2025-01-02 13:08:00,COMPLETED
WAF-000588,LOT-0032,10,2025-01-02 13:09:00,COMPLETED
WAF-000589,LOT-0032,11,2025-01-02 13:10:00,COMPLETED
WAF-000590,LOT-0032,12,2025-01-02 13:11:00,COMPLETED
WAF-000591,LOT-0033,1,2025-01-25 03:00:00,COMPLETED
WAF-000592,LOT-0033,2,2025-01-25 03:01:00,COMPLETED
WAF-000593,LOT-0033,3,2025-01-25 03:02:00,COMPLETED
WAF-000594,LOT-0033,4,2025-01-25 03:03:00,COMPLETED
WAF-000595,LOT-0033,5,2025-01-25 03:04:00,COMPLETED
WAF-000596,LOT-0033,6,2025-01-25 03:05:00,COMPLETED
WAF-000597,LOT-0033,7,2025-01-25 03:06:00,COMPLETED
WAF-000598,LOT-0033,8,2025-01-25 03:07:00,COMPLETED
WAF-000599,LOT-0033,9,2025-01-25 03:08:00,COMPLETED
WAF-000600,LOT-0033,10,2025-01-25 03:09:00,COMPLETED
WAF-000601,LOT-0033,11,2025-01-25 03:10:00,COMPLETED
WAF-000602,LOT-0033,12,2025-01-25 03:11:00,COMPLETED
WAF-000603,LOT-0033,13,2025-01-25 03:12:00,COMPLETED
WAF-000604,LOT-0033,14,2025-01-25 03:13:00,COMPLETED
WAF-000605,LOT-0034,1,2025-01-29 02:00:00,ON_HOLD
WAF-000606,LOT-0034,2,2025-01-29 02:01:00,ON_HOLD
WAF-000607,LOT-0034,3,2025-01-29 02:02:00,ON_HOLD
WAF-000608,LOT-0034,4,2025-01-29 02:03:00,ON_HOLD
WAF-000609,LOT-0034,5,2025-01-29 02:04:00,ON_HOLD
WAF-000610,LOT-0034,6,2025-01-29 02:05:00,ON_HOLD
WAF-000611,LOT-0034,7,2025-01-29 02:06:00,ON_HOLD
WAF-000612,LOT-0034,8,2025-01-29 02:07:00,ON_HOLD
WAF-000613,LOT-0034,9,2025-01-29 02:08:00,ON_HOLD
WAF-000614,LOT-0034,10,2025-01-29 02:09:00,ON_HOLD
WAF-000615,LOT-0034,11,2025-01-29 02:10:00,ON_HOLD
WAF-000616,LOT-0034,12,2025-01-29 02:11:00,ON_HOLD
WAF-000617,LOT-0034,13,2025-01-29 02:12:00,ON_HOLD
WAF-000618,LOT-0034,14,2025-01-29 02:13:00,ON_HOLD
WAF-000619,LOT-0034,15,2025-01-29 02:14:00,ON_HOLD
WAF-000620,LOT-0034,16,2025-01-29 02:15:00,ON_HOLD
WAF-000621,LOT-0034,17,2025-01-29 02:16:00,ON_HOLD
WAF-000622,LOT-0034,18,2025-01-29 02:17:00,ON_HOLD
WAF-000623,LOT-0034,19,2025-01-29 02:18:00,ON_HOLD
WAF-000624,LOT-0035,1,2025-01-13 21:00:00,COMPLETED
WAF-000625,LOT-0035,2,2025-01-13 21:01:00,COMPLETED
WAF-000626,LOT-0035,3,2025-01-13 21:02:00,COMPLETED
WAF-000627,LOT-0035,4,2025-01-13 21:03:00,COMPLETED
WAF-000628,LOT-0035,5,2025-01-13 21:04:00,COMPLETED
WAF-000629,LOT-0035,6,2025-01-13 21:05:00,COMPLETED
WAF-000630,LOT-0035,7,2025-01-13 21:06:00,COMPLETED
WAF-000631,LOT-0035,8,2025-01-13 21:07:00,COMPLETED
WAF-000632,LOT-0035,9,2025-01-13 21:08:00,COMPLETED
WAF-000633,LOT-0035,10,2025-01-13 21:09:00,COMPLETED
WAF-000634,LOT-0035,11,2025-01-13 21:10:00,COMPLETED
WAF-000635,LOT-0035,12,2025-01-13 21:11:00,COMPLETED
WAF-000636,LOT-0035,13,2025-01-13 21:12:00,COMPLETED
WAF-000637,LOT-0035,14,2025-01-13 21:13:00,COMPLETED
WAF-000638,LOT-0035,15,2025-01-13 21:14:00,COMPLETED
WAF-000639,LOT-0035,16,2025-01-13 21:15:00,COMPLETED
WAF-000640,LOT-0035,17,2025-01-13 21:16:00,COMPLETED
WAF-000641,LOT-0036,1,2025-01-24 19:00:00,COMPLETED
WAF-000642,LOT-0036,2,2025-01-24 19:01:00,COMPLETED
WAF-000643,LOT-0036,3,2025-01-24 19:02:00,COMPLETED
WAF-000644,LOT-0036,4,2025-01-24 19:03:00,COMPLETED
WAF-000645,LOT-0036,5,2025-01-24 19:04:00,COMPLETED
WAF-000646,LOT-0036,6,2025-01-24 19:05:00,COMPLETED
WAF-000647,LOT-0036,7,2025-01-24 19:06:00,COMPLETED
WAF-000648,LOT-0036,8,2025-01-24 19:07:00,COMPLETED
WAF-000649,LOT-0036,9,2025-01-24 19:08:00,COMPLETED
WAF-000650,LOT-0036,10,2025-01-24 19:09:00,COMPLETED
WAF-000651,LOT-0036,11,2025-01-24 19:10:00,COMPLETED
WAF-000652,LOT-0036,12,2025-01-24 19:11:00,COMPLETED
WAF-000653,LOT-0036,13,2025-01-24 19:12:00,COMPLETED
WAF-000654,LOT-0036,14,2025-01-24 19:13:00,COMPLETED
WAF-000655,LOT-0036,15,2025-01-24 19:14:00,COMPLETED
WAF-000656,LOT-0036,16,2025-01-24 19:15:00,COMPLETED
WAF-000657,LOT-0036,17,2025-01-24 19:16:00,COMPLETED
WAF-000658,LOT-0037,1,2025-01-17 14:00:00,COMPLETED
WAF-000659,LOT-0037,2,2025-01-17 14:01:00,COMPLETED
WAF-000660,LOT-0037,3,2025-01-17 14:02:00,COMPLETED
WAF-000661,LOT-0037,4,2025-01-17 14:03:00,COMPLETED
WAF-000662,LOT-0037,5,2025-01-17 14:04:00,COMPLETED
WAF-000663,LOT-0037,6,2025-01-17 14:05:00,COMPLETED
WAF-000664,LOT-0037,7,2025-01-17 14:06:00,COMPLETED
WAF-000665,LOT-0037,8,2025-01-17 14:07:00,COMPLETED
WAF-000666,LOT-0037,9,2025-01-17 14:08:00,COMPLETED
WAF-000667,LOT-0037,10,2025-01-17 14:09:00,COMPLETED
WAF-000668,LOT-0037,11,2025-01-17 14:10:00,COMPLETED
WAF-000669,LOT-0037,12,2025-01-17 14:11:00,COMPLETED
WAF-000670,LOT-0037,13,2025-01-17 14:12:00,COMPLETED
WAF-000671,LOT-0037,14,2025-01-17 14:13:00,COMPLETED
WAF-000672,LOT-0037,15,2025-01-17 14:14:00,COMPLETED
WAF-000673,LOT-0037,16,2025-01-17 14:15:00,COMPLETED
WAF-000674,LOT-0037,17,2025-01-17 14:16:00,COMPLETED
WAF-000675,LOT-0037,18,2025-01-17 14:17:00,COMPLETED
WAF-000676,LOT-0037,19,2025-01-17 14:18:00,COMPLETED
WAF-000677,LOT-0037,20,2025-01-17 14:19:00,COMPLETED
WAF-000678,LOT-0037,21,2025-01-17 14:20:00,COMPLETED
WAF-000679,LOT-0037,22,2025-01-17 14:21:00,COMPLETED
WAF-000680,LOT-0038,1,2025-01-09 08:00:00,COMPLETED
WAF-000681,LOT-0038,2,2025-01-09 08:01:00,COMPLETED
WAF-000682,LOT-0038,3,2025-01-09 08:02:00,COMPLETED
WAF-000683,LOT-0038,4,2025-01-09 08:03:00,COMPLETED
WAF-000684,LOT-0038,5,2025-01-09 08:04:00,COMPLETED
WAF-000685,LOT-0038,6,2025-01-09 08:05:00,COMPLETED
WAF-000686,LOT-0038,7,2025-01-09 08:06:00,COMPLETED
WAF-000687,LOT-0038,8,2025-01-09 08:07:00,COMPLETED
WAF-000688,LOT-0038,9,2025-01-09 08:08:00,COMPLETED
WAF-000689,LOT-0038,10,2025-01-09 08:09:00,COMPLETED
WAF-000690,LOT-0038,11,2025-01-09 08:10:00,COMPLETED
WAF-000691,LOT-0038,12,2025-01-09 08:11:00,COMPLETED
WAF-000692,LOT-0038,13,2025-01-09 08:12:00,COMPLETED
WAF-000693,LOT-0038,14,2025-01-09 08:13:00,COMPLETED
WAF-000694,LOT-0038,15,2025-01-09 08:14:00,COMPLETED
WAF-000695,LOT-0038,16,2025-01-09 08:15:00,COMPLETED
WAF-000696,LOT-0038,17,2025-01-09 08:16:00,COMPLETED
WAF-000697,LOT-0039,1,2025-01-01 15:00:00,IN_PROCESS
WAF-000698,LOT-0039,2,2025-01-01 15:01:00,IN_PROCESS
WAF-000699,LOT-0039,3,2025-01-01 15:02:00,IN_PROCESS
WAF-000700,LOT-0039,4,2025-01-01 15:03:00,IN_PROCESS
WAF-000701,LOT-0039,5,2025-01-01 15:04:00,IN_PROCESS
WAF-000702,LOT-0039,6,2025-01-01 15:05:00,IN_PROCESS
WAF-000703,LOT-0039,7,2025-01-01 15:06:00,IN_PROCESS
WAF-000704,LOT-0039,8,2025-01-01 15:07:00,IN_PROCESS
WAF-000705,LOT-0039,9,2025-01-01 15:08:00,IN_PROCESS
WAF-000706,LOT-0039,10,2025-01-01 15:09:00,IN_PROCESS
WAF-000707,LOT-0039,11,2025-01-01 15:10:00,IN_PROCESS
WAF-000708,LOT-0039,12,2025-01-01 15:11:00,IN_PROCESS
WAF-000709,LOT-0039,13,2025-01-01 15:12:00,IN_PROCESS
WAF-000710,LOT-0039,14,2025-01-01 15:13:00,IN_PROCESS
WAF-000711,LOT-0039,15,2025-01-01 15:14:00,IN_PROCESS
WAF-000712,LOT-0039,16,2025-01-01 15:15:00,IN_PROCESS
WAF-000713,LOT-0039,17,2025-01-01 15:16:00,IN_PROCESS
WAF-000714,LOT-0039,18,2025-01-01 15:17:00,IN_PROCESS
WAF-000715,LOT-0040,1,2025-01-05 12:00:00,COMPLETED
WAF-000716,LOT-0040,2,2025-01-05 12:01:00,COMPLETED
WAF-000717,LOT-0040,3,2025-01-05 12:02:00,COMPLETED
WAF-000718,LOT-0040,4,2025-01-05 12:03:00,COMPLETED
WAF-000719,LOT-0040,5,2025-01-05 12:04:00,COMPLETED
WAF-000720,LOT-0040,6,2025-01-05 12:05:00,COMPLETED
WAF-000721,LOT-0040,7,2025-01-05 12:06:00,COMPLETED
WAF-000722,LOT-0040,8,2025-01-05 12:07:00,COMPLETED
WAF-000723,LOT-0040,9,2025-01-05 12:08:00,COMPLETED
WAF-000724,LOT-0040,10,2025-01-05 12:09:00,COMPLETED
WAF-000725,LOT-0040,11,2025-01-05 12:10:00,COMPLETED
WAF-000726,LOT-0040,12,2025-01-05 12:11:00,COMPLETED
WAF-000727,LOT-0040,13,2025-01-05 12:12:00,COMPLETED
WAF-000728,LOT-0040,14,2025-01-05 12:13:00,COMPLETED
WAF-000729,LOT-0040,15,2025-01-05 12:14:00,COMPLETED
WAF-000730,LOT-0040,16,2025-01-05 12:15:00,COMPLETED
WAF-000731,LOT-0040,17,2025-01-05 12:16:00,COMPLETED
WAF-000732,LOT-0040,18,2025-01-05 12:17:00,COMPLETED
WAF-000733,LOT-0040,19,2025-01-05 12:18:00,COMPLETED
WAF-000734,LOT-0040,20,2025-01-05 12:19:00,COMPLETED
WAF-000735,LOT-0041,1,2025-01-23 05:00:00,COMPLETED
WAF-000736,LOT-0041,2,2025-01-23 05:01:00,COMPLETED
WAF-000737,LOT-0041,3,2025-01-23 05:02:00,COMPLETED
WAF-000738,LOT-0041,4,2025-01-23 05:03:00,COMPLETED
WAF-000739,LOT-0041,5,2025-01-23 05:04:00,COMPLETED
WAF-000740,LOT-0041,6,2025-01-23 05:05:00,COMPLETED
WAF-000741,LOT-0041,7,2025-01-23 05:06:00,COMPLETED
WAF-000742,LOT-0041,8,2025-01-23 05:07:00,COMPLETED
WAF-000743,LOT-0041,9,2025-01-23 05:08:00,COMPLETED
WAF-000744,LOT-0041,10,2025-01-23 05:09:00,COMPLETED
WAF-000745,LOT-0041,11,2025-01-23 05:10:00,COMPLETED
WAF-000746,LOT-0041,12,2025-01-23 05:11:00,COMPLETED
WAF-000747,LOT-0041,13,2025-01-23 05:12:00,COMPLETED
WAF-000748,LOT-0041,14,2025-01-23 05:13:00,COMPLETED
WAF-000749,LOT-0041,15,2025-01-23 05:14:00,COMPLETED
WAF-000750,LOT-0041,16,2025-01-23 05:15:00,COMPLETED
WAF-000751,LOT-0041,17,2025-01-23 05:16:00,COMPLETED
WAF-000752,LOT-0041,18,2025-01-23 05:17:00,COMPLETED
WAF-000753,LOT-0041,19,2025-01-23 05:18:00,COMPLETED
WAF-000754,LOT-0041,20,2025-01-23 05:19:00,COMPLETED
WAF-000755,LOT-0041,21,2025-01-23 05:20:00,COMPLETED
WAF-000756,LOT-0041,22,2025-01-23 05:21:00,COMPLETED
WAF-000757,LOT-0041,23,2025-01-23 05:22:00,COMPLETED
WAF-000758,LOT-0041,24,2025-01-23 05:23:00,COMPLETED
WAF-000759,LOT-0041,25,2025-01-23 05:24:00,COMPLETED
WAF-000760,LOT-0042,1,2025-01-24 09:00:00,COMPLETED
WAF-000761,LOT-0042,2,2025-01-24 09:01:00,COMPLETED
WAF-000762,LOT-0042,3,2025-01-24 09:02:00,COMPLETED
WAF-000763,LOT-0042,4,2025-01-24 09:03:00,COMPLETED
WAF-000764,LOT-0042,5,2025-01-24 09:04:00,COMPLETED
WAF-000765,LOT-0042,6,2025-01-24 09:05:00,COMPLETED
WAF-000766,LOT-0042,7,2025-01-24 09:06:00,COMPLETED
WAF-000767,LOT-0042,8,2025-01-24 09:07:00,COMPLETED
WAF-000768,LOT-0042,9,2025-01-24 09:08:00,COMPLETED
WAF-000769,LOT-0042,10,2025-01-24 09:09:00,COMPLETED
WAF-000770,LOT-0042,11,2025-01-24 09:10:00,COMPLETED
WAF-000771,LOT-0042,12,2025-01-24 09:11:00,COMPLETED
WAF-000772,LOT-0042,13,2025-01-24 09:12:00,COMPLETED
WAF-000773,LOT-0043,1,2025-01-17 17:00:00,COMPLETED
WAF-000774,LOT-0043,2,2025-01-17 17:01:00,COMPLETED
WAF-000775,LOT-0043,3,2025-01-17 17:02:00,COMPLETED
WAF-000776,LOT-0043,4,2025-01-17 17:03:00,COMPLETED
WAF-000777,LOT-0043,5,2025-01-17 17:04:00,COMPLETED
WAF-000778,LOT-0043,6,2025-01-17 17:05:00,COMPLETED
WAF-000779,LOT-0043,7,2025-01-17 17:06:00,COMPLETED
WAF-000780,LOT-0043,8,2025-01-17 17:07:00,COMPLETED
WAF-000781,LOT-0043,9,2025-01-17 17:08:00,COMPLETED
WAF-000782,LOT-0043,10,2025-01-17 17:09:00,COMPLETED
WAF-000783,LOT-0043,11,2025-01-17 17:10:00,COMPLETED
WAF-000784,LOT-0043,12,2025-01-17 17:11:00,COMPLETED
WAF-000785,LOT-0043,13,2025-01-17 17:12:00,COMPLETED
WAF-000786,LOT-0043,14,2025-01-17 17:13:00,COMPLETED
WAF-000787,LOT-0044,1,2025-01-26 05:00:00,COMPLETED
WAF-000788,LOT-0044,2,2025-01-26 05:01:00,COMPLETED
WAF-000789,LOT-0044,3,2025-01-26 05:02:00,COMPLETED
WAF-000790,LOT-0044,4,2025-01-26 05:03:00,COMPLETED
WAF-000791,LOT-0044,5,2025-01-26 05:04:00,COMPLETED
WAF-000792,LOT-0044,6,2025-01-26 05:05:00,COMPLETED
WAF-000793,LOT-0044,7,2025-01-26 05:06:00,COMPLETED
WAF-000794,LOT-0044,8,2025-01-26 05:07:00,COMPLETED
WAF-000795,LOT-0044,9,2025-01-26 05:08:00,COMPLETED
WAF-000796,LOT-0044,10,2025-01-26 05:09:00,COMPLETED
WAF-000797,LOT-0044,11,2025-01-26 05:10:00,COMPLETED
WAF-000798,LOT-0044,12,2025-01-26 05:11:00,COMPLETED
WAF-000799,LOT-0044,13,2025-01-26 05:12:00,COMPLETED
WAF-000800,LOT-0044,14,2025-01-26 05:13:00,COMPLETED
WAF-000801,LOT-0044,15,2025-01-26 05:14:00,COMPLETED
WAF-000802,LOT-0044,16,2025-01-26 05:15:00,COMPLETED
WAF-000803,LOT-0044,17,2025-01-26 05:16:00,COMPLETED
WAF-000804,LOT-0044,18,2025-01-26 05:17:00,COMPLETED
WAF-000805,LOT-0044,19,2025-01-26 05:18:00,COMPLETED
WAF-000806,LOT-0044,20,2025-01-26 05:19:00,COMPLETED
WAF-000807,LOT-0044,21,2025-01-26 05:20:00,COMPLETED
WAF-000808,LOT-0044,22,2025-01-26 05:21:00,COMPLETED
WAF-000809,LOT-0044,23,2025-01-26 05:22:00,COMPLETED
WAF-000810,LOT-0044,24,2025-01-26 05:23:00,COMPLETED
WAF-000811,LOT-0044,25,2025-01-26 05:24:00,COMPLETED
WAF-000812,LOT-0045,1,2025-01-28 11:00:00,IN_PROCESS
WAF-000813,LOT-0045,2,2025-01-28 11:01:00,IN_PROCESS
WAF-000814,LOT-0045,3,2025-01-28 11:02:00,IN_PROCESS
WAF-000815,LOT-0045,4,2025-01-28 11:03:00,IN_PROCESS
WAF-000816,LOT-0045,5,2025-01-28 11:04:00,IN_PROCESS
WAF-000817,LOT-0045,6,2025-01-28 11:05:00,IN_PROCESS
WAF-000818,LOT-0045,7,2025-01-28 11:06:00,IN_PROCESS
WAF-000819,LOT-0045,8,2025-01-28 11:07:00,IN_PROCESS
WAF-000820,LOT-0045,9,2025-01-28 11:08:00,IN_PROCESS
WAF-000821,LOT-0045,10,2025-01-28 11:09:00,IN_PROCESS
WAF-000822,LOT-0045,11,2025-01-28 11:10:00,IN_PROCESS
WAF-000823,LOT-0045,12,2025-01-28 11:11:00,IN_PROCESS
WAF-000824,LOT-0045,13,2025-01-28 11:12:00,IN_PROCESS
WAF-000825,LOT-0045,14,2025-01-28 11:13:00,IN_PROCESS
WAF-000826,LOT-0045,15,2025-01-28 11:14:00,IN_PROCESS
WAF-000827,LOT-0045,16,2025-01-28 11:15:00,IN_PROCESS
WAF-000828,LOT-0045,17,2025-01-28 11:16:00,IN_PROCESS
WAF-000829,LOT-0045,18,2025-01-28 11:17:00,IN_PROCESS
WAF-000830,LOT-0045,19,2025-01-28 11:18:00,IN_PROCESS
WAF-000831,LOT-0045,20,2025-01-28 11:19:00,IN_PROCESS
WAF-000832,LOT-0045,21,2025-01-28 11:20:00,IN_PROCESS
WAF-000833,LOT-0045,22,2025-01-28 11:21:00,IN_PROCESS
WAF-000834,LOT-0045,23,2025-01-28 11:22:00,IN_PROCESS
WAF-000835,LOT-0045,24,2025-01-28 11:23:00,IN_PROCESS
WAF-000836,LOT-0045,25,2025-01-28 11:24:00,IN_PROCESS
WAF-000837,LOT-0046,1,2025-01-29 09:00:00,COMPLETED
WAF-000838,LOT-0046,2,2025-01-29 09:01:00,COMPLETED
WAF-000839,LOT-0046,3,2025-01-29 09:02:00,COMPLETED
WAF-000840,LOT-0046,4,2025-01-29 09:03:00,COMPLETED
WAF-000841,LOT-0046,5,2025-01-29 09:04:00,COMPLETED
WAF-000842,LOT-0046,6,2025-01-29 09:05:00,COMPLETED
WAF-000843,LOT-0046,7,2025-01-29 09:06:00,COMPLETED
WAF-000844,LOT-0046,8,2025-01-29 09:07:00,COMPLETED
WAF-000845,LOT-0046,9,2025-01-29 09:08:00,COMPLETED
WAF-000846,LOT-0046,10,2025-01-29 09:09:00,COMPLETED
WAF-000847,LOT-0046,11,2025-01-29 09:10:00,COMPLETED
WAF-000848,LOT-0046,12,2025-01-29 09:11:00,COMPLETED
WAF-000849,LOT-0046,13,2025-01-29 09:12:00,COMPLETED
WAF-000850,LOT-0046,14,2025-01-29 09:13:00,COMPLETED
WAF-000851,LOT-0046,15,2025-01-29 09:14:00,COMPLETED
WAF-000852,LOT-0046,16,2025-01-29 09:15:00,COMPLETED
WAF-000853,LOT-0047,1,2025-01-04 01:00:00,COMPLETED
WAF-000854,LOT-0047,2,2025-01-04 01:01:00,COMPLETED
WAF-000855,LOT-0047,3,2025-01-04 01:02:00,COMPLETED
WAF-000856,LOT-0047,4,2025-01-04 01:03:00,COMPLETED
WAF-000857,LOT-0047,5,2025-01-04 01:04:00,COMPLETED
WAF-000858,LOT-0047,6,2025-01-04 01:05:00,COMPLETED
WAF-000859,LOT-0047,7,2025-01-04 01:06:00,COMPLETED
WAF-000860,LOT-0047,8,2025-01-04 01:07:00,COMPLETED
WAF-000861,LOT-0047,9,2025-01-04 01:08:00,COMPLETED
WAF-000862,LOT-0047,10,2025-01-04 01:09:00,COMPLETED
WAF-000863,LOT-0047,11,2025-01-04 01:10:00,COMPLETED
WAF-000864,LOT-0047,12,2025-01-04 01:11:00,COMPLETED
WAF-000865,LOT-0047,13,2025-01-04 01:12:00,COMPLETED
WAF-000866,LOT-0047,14,2025-01-04 01:13:00,COMPLETED
WAF-000867,LOT-0047,15,2025-01-04 01:14:00,COMPLETED
WAF-000868,LOT-0047,16,2025-01-04 01:15:00,COMPLETED
WAF-000869,LOT-0047,17,2025-01-04 01:16:00,COMPLETED
WAF-000870,LOT-0047,18,2025-01-04 01:17:00,COMPLETED
WAF-000871,LOT-0047,19,2025-01-04 01:18:00,COMPLETED
WAF-000872,LOT-0047,20,2025-01-04 01:19:00,COMPLETED
WAF-000873,LOT-0047,21,2025-01-04 01:20:00,COMPLETED
WAF-000874,LOT-0047,22,2025-01-04 01:21:00,COMPLETED
WAF-000875,LOT-0047,23,2025-01-04 01:22:00,COMPLETED
WAF-000876,LOT-0048,1,2025-01-28 01:00:00,COMPLETED
WAF-000877,LOT-0048,2,2025-01-28 01:01:00,COMPLETED
WAF-000878,LOT-0048,3,2025-01-28 01:02:00,COMPLETED
WAF-000879,LOT-0048,4,2025-01-28 01:03:00,COMPLETED
WAF-000880,LOT-0048,5,2025-01-28 01:04:00,COMPLETED
WAF-000881,LOT-0048,6,2025-01-28 01:05:00,COMPLETED
WAF-000882,LOT-0048,7,2025-01-28 01:06:00,COMPLETED
WAF-000883,LOT-0048,8,2025-01-28 01:07:00,COMPLETED
WAF-000884,LOT-0048,9,2025-01-28 01:08:00,COMPLETED
WAF-000885,LOT-0048,10,2025-01-28 01:09:00,COMPLETED
WAF-000886,LOT-0048,11,2025-01-28 01:10:00,COMPLETED
WAF-000887,LOT-0048,12,2025-01-28 01:11:00,COMPLETED
WAF-000888,LOT-0048,13,2025-01-28 01:12:00,COMPLETED
WAF-000889,LOT-0048,14,2025-01-28 01:13:00,COMPLETED
WAF-000890,LOT-0048,15,2025-01-28 01:14:00,COMPLETED
WAF-000891,LOT-0049,1,2025-01-13 15:00:00,COMPLETED
WAF-000892,LOT-0049,2,2025-01-13 15:01:00,COMPLETED
WAF-000893,LOT-0049,3,2025-01-13 15:02:00,COMPLETED
WAF-000894,LOT-0049,4,2025-01-13 15:03:00,COMPLETED
WAF-000895,LOT-0049,5,2025-01-13 15:04:00,COMPLETED
WAF-000896,LOT-0049,6,2025-01-13 15:05:00,COMPLETED
WAF-000897,LOT-0049,7,2025-01-13 15:06:00,COMPLETED
WAF-000898,LOT-0049,8,2025-01-13 15:07:00,COMPLETED
WAF-000899,LOT-0049,9,2025-01-13 15:08:00,COMPLETED
WAF-000900,LOT-0049,10,2025-01-13 15:09:00,COMPLETED
WAF-000901,LOT-0049,11,2025-01-13 15:10:00,COMPLETED
WAF-000902,LOT-0049,12,2025-01-13 15:11:00,COMPLETED
WAF-000903,LOT-0049,13,2025-01-13 15:12:00,COMPLETED
WAF-000904,LOT-0049,14,2025-01-13 15:13:00,COMPLETED
WAF-000905,LOT-0049,15,2025-01-13 15:14:00,COMPLETED
WAF-000906,LOT-0049,16,2025-01-13 15:15:00,COMPLETED
WAF-000907,LOT-0049,17,2025-01-13 15:16:00,COMPLETED
WAF-000908,LOT-0049,18,2025-01-13 15:17:00,COMPLETED
WAF-000909,LOT-0049,19,2025-01-13 15:18:00,COMPLETED
WAF-000910,LOT-0049,20,2025-01-13 15:19:00,COMPLETED
WAF-000911,LOT-0049,21,2025-01-13 15:20:00,COMPLETED
WAF-000912,LOT-0049,22,2025-01-13 15:21:00,COMPLETED
WAF-000913,LOT-0049,23,2025-01-13 15:22:00,COMPLETED
WAF-000914,LOT-0049,24,2025-01-13 15:23:00,COMPLETED
WAF-000915,LOT-0050,1,2025-01-04 04:00:00,IN_PROCESS
WAF-000916,LOT-0050,2,2025-01-04 04:01:00,IN_PROCESS
WAF-000917,LOT-0050,3,2025-01-04 04:02:00,IN_PROCESS
WAF-000918,LOT-0050,4,2025-01-04 04:03:00,IN_PROCESS
WAF-000919,LOT-0050,5,2025-01-04 04:04:00,IN_PROCESS
WAF-000920,LOT-0050,6,2025-01-04 04:05:00,IN_PROCESS
WAF-000921,LOT-0050,7,2025-01-04 04:06:00,IN_PROCESS
WAF-000922,LOT-0050,8,2025-01-04 04:07:00,IN_PROCESS
WAF-000923,LOT-0050,9,2025-01-04 04:08:00,IN_PROCESS
WAF-000924,LOT-0050,10,2025-01-04 04:09:00,IN_PROCESS
WAF-000925,LOT-0050,11,2025-01-04 04:10:00,IN_PROCESS
WAF-000926,LOT-0050,12,2025-01-04 04:11:00,IN_PROCESS
WAF-000927,LOT-0050,13,2025-01-04 04:12:00,IN_PROCESS
WAF-000928,LOT-0050,14,2025-01-04 04:13:00,IN_PROCESS
WAF-000929,LOT-0050,15,2025-01-04 04:14:00,IN_PROCESS
WAF-000930,LOT-0050,16,2025-01-04 04:15:00,IN_PROCESS
WAF-000931,LOT-0050,17,2025-01-04 04:16:00,IN_PROCESS
WAF-000932,LOT-0050,18,2025-01-04 04:17:00,IN_PROCESS
WAF-000933,LOT-0050,19,2025-01-04 04:18:00,IN_PROCESS
WAF-000934,LOT-0050,20,2025-01-04 04:19:00,IN_PROCESS
WAF-000935,LOT-0050,21,2025-01-04 04:20:00,IN_PROCESS
WAF-000936,LOT-0050,22,2025-01-04 04:21:00,IN_PROCESS
WAF-000937,LOT-0050,23,2025-01-04 04:22:00,IN_PROCESS
WAF-000938,LOT-0050,24,2025-01-04 04:23:00,IN_PROCESS
WAF-000939,LOT-0051,1,2025-01-03 08:00:00,COMPLETED
WAF-000940,LOT-0051,2,2025-01-03 08:01:00,COMPLETED
WAF-000941,LOT-0051,3,2025-01-03 08:02:00,COMPLETED
WAF-000942,LOT-0051,4,2025-01-03 08:03:00,COMPLETED
WAF-000943,LOT-0051,5,2025-01-03 08:04:00,COMPLETED
WAF-000944,LOT-0051,6,2025-01-03 08:05:00,COMPLETED
WAF-000945,LOT-0051,7,2025-01-03 08:06:00,COMPLETED
WAF-000946,LOT-0051,8,2025-01-03 08:07:00,COMPLETED
WAF-000947,LOT-0051,9,2025-01-03 08:08:00,COMPLETED
WAF-000948,LOT-0051,10,2025-01-03 08:09:00,COMPLETED
WAF-000949,LOT-0051,11,2025-01-03 08:10:00,COMPLETED
WAF-000950,LOT-0051,12,2025-01-03 08:11:00,COMPLETED
WAF-000951,LOT-0051,13,2025-01-03 08:12:00,COMPLETED
WAF-000952,LOT-0051,14,2025-01-03 08:13:00,COMPLETED
WAF-000953,LOT-0051,15,2025-01-03 08:14:00,COMPLETED
WAF-000954,LOT-0051,16,2025-01-03 08:15:00,COMPLETED
WAF-000955,LOT-0051,17,2025-01-03 08:16:00,COMPLETED
WAF-000956,LOT-0051,18,2025-01-03 08:17:00,COMPLETED
WAF-000957,LOT-0051,19,2025-01-03 08:18:00,COMPLETED
WAF-000958,LOT-0051,20,2025-01-03 08:19:00,COMPLETED
WAF-000959,LOT-0051,21,2025-01-03 08:20:00,COMPLETED
WAF-000960,LOT-0051,22,2025-01-03 08:21:00,COMPLETED
WAF-000961,LOT-0051,23,2025-01-03 08:22:00,COMPLETED
WAF-000962,LOT-0051,24,2025-01-03 08:23:00,COMPLETED
WAF-000963,LOT-0052,1,2025-01-05 22:00:00,COMPLETED
WAF-000964,LOT-0052,2,2025-01-05 22:01:00,COMPLETED
WAF-000965,LOT-0052,3,2025-01-05 22:02:00,COMPLETED
WAF-000966,LOT-0052,4,2025-01-05 22:03:00,COMPLETED
WAF-000967,LOT-0052,5,2025-01-05 22:04:00,COMPLETED
WAF-000968,LOT-0052,6,2025-01-05 22:05:00,COMPLETED
WAF-000969,LOT-0052,7,2025-01-05 22:06:00,COMPLETED
WAF-000970,LOT-0052,8,2025-01-05 22:07:00,COMPLETED
WAF-000971,LOT-0052,9,2025-01-05 22:08:00,COMPLETED
WAF-000972,LOT-0052,10,2025-01-05 22:09:00,COMPLETED
WAF-000973,LOT-0052,11,2025-01-05 22:10:00,COMPLETED
WAF-000974,LOT-0052,12,2025-01-05 22:11:00,COMPLETED
WAF-000975,LOT-0052,13,2025-01-05 22:12:00,COMPLETED
WAF-000976,LOT-0052,14,2025-01-05 22:13:00,COMPLETED
WAF-000977,LOT-0052,15,2025-01-05 22:14:00,COMPLETED
WAF-000978,LOT-0052,16,2025-01-05 22:15:00,COMPLETED
WAF-000979,LOT-0052,17,2025-01-05 22:16:00,COMPLETED
WAF-000980,LOT-0052,18,2025-01-05 22:17:00,COMPLETED
WAF-000981,LOT-0052,19,2025-01-05 22:18:00,COMPLETED
WAF-000982,LOT-0052,20,2025-01-05 22:19:00,COMPLETED
WAF-000983,LOT-0052,21,2025-01-05 22:20:00,COMPLETED
WAF-000984,LOT-0052,22,2025-01-05 22:21:00,COMPLETED
WAF-000985,LOT-0052,23,2025-01-05 22:22:00,COMPLETED
WAF-000986,LOT-0053,1,2025-01-31 06:00:00,IN_PROCESS
WAF-000987,LOT-0053,2,2025-01-31 06:01:00,IN_PROCESS
WAF-000988,LOT-0053,3,2025-01-31 06:02:00,IN_PROCESS
WAF-000989,LOT-0053,4,2025-01-31 06:03:00,IN_PROCESS
WAF-000990,LOT-0053,5,2025-01-31 06:04:00,IN_PROCESS
WAF-000991,LOT-0053,6,2025-01-31 06:05:00,IN_PROCESS
WAF-000992,LOT-0053,7,2025-01-31 06:06:00,IN_PROCESS
WAF-000993,LOT-0053,8,2025-01-31 06:07:00,IN_PROCESS
WAF-000994,LOT-0053,9,2025-01-31 06:08:00,IN_PROCESS
WAF-000995,LOT-0053,10,2025-01-31 06:09:00,IN_PROCESS
WAF-000996,LOT-0053,11,2025-01-31 06:10:00,IN_PROCESS
WAF-000997,LOT-0053,12,2025-01-31 06:11:00,IN_PROCESS
WAF-000998,LOT-0053,13,2025-01-31 06:12:00,IN_PROCESS
WAF-000999,LOT-0053,14,2025-01-31 06:13:00,IN_PROCESS
WAF-001000,LOT-0053,15,2025-01-31 06:14:00,IN_PROCESS
WAF-001001,LOT-0054,1,2025-01-30 11:00:00,IN_PROCESS
WAF-001002,LOT-0054,2,2025-01-30 11:01:00,IN_PROCESS
WAF-001003,LOT-0054,3,2025-01-30 11:02:00,IN_PROCESS
WAF-001004,LOT-0054,4,2025-01-30 11:03:00,IN_PROCESS
WAF-001005,LOT-0054,5,2025-01-30 11:04:00,IN_PROCESS
WAF-001006,LOT-0054,6,2025-01-30 11:05:00,IN_PROCESS
WAF-001007,LOT-0054,7,2025-01-30 11:06:00,IN_PROCESS
WAF-001008,LOT-0054,8,2025-01-30 11:07:00,IN_PROCESS
WAF-001009,LOT-0054,9,2025-01-30 11:08:00,IN_PROCESS
WAF-001010,LOT-0054,10,2025-01-30 11:09:00,IN_PROCESS
WAF-001011,LOT-0055,1,2025-01-01 20:00:00,COMPLETED
WAF-001012,LOT-0055,2,2025-01-01 20:01:00,COMPLETED
WAF-001013,LOT-0055,3,2025-01-01 20:02:00,COMPLETED
WAF-001014,LOT-0055,4,2025-01-01 20:03:00,COMPLETED
WAF-001015,LOT-0055,5,2025-01-01 20:04:00,COMPLETED
WAF-001016,LOT-0055,6,2025-01-01 20:05:00,COMPLETED
WAF-001017,LOT-0055,7,2025-01-01 20:06:00,COMPLETED
WAF-001018,LOT-0055,8,2025-01-01 20:07:00,COMPLETED
WAF-001019,LOT-0055,9,2025-01-01 20:08:00,COMPLETED
WAF-001020,LOT-0055,10,2025-01-01 20:09:00,COMPLETED
WAF-001021,LOT-0055,11,2025-01-01 20:10:00,COMPLETED
WAF-001022,LOT-0055,12,2025-01-01 20:11:00,COMPLETED
WAF-001023,LOT-0055,13,2025-01-01 20:12:00,COMPLETED
WAF-001024,LOT-0055,14,2025-01-01 20:13:00,COMPLETED
WAF-001025,LOT-0055,15,2025-01-01 20:14:00,COMPLETED
WAF-001026,LOT-0055,16,2025-01-01 20:15:00,COMPLETED
WAF-001027,LOT-0055,17,2025-01-01 20:16:00,COMPLETED
WAF-001028,LOT-0055,18,2025-01-01 20:17:00,COMPLETED
WAF-001029,LOT-0055,19,2025-01-01 20:18:00,COMPLETED
WAF-001030,LOT-0055,20,2025-01-01 20:19:00,COMPLETED
WAF-001031,LOT-0055,21,2025-01-01 20:20:00,COMPLETED
WAF-001032,LOT-0055,22,2025-01-01 20:21:00,COMPLETED
WAF-001033,LOT-0055,23,2025-01-01 20:22:00,COMPLETED
WAF-001034,LOT-0055,24,2025-01-01 20:23:00,COMPLETED
WAF-001035,LOT-0055,25,2025-01-01 20:24:00,COMPLETED
WAF-001036,LOT-0056,1,2025-01-04 23:00:00,COMPLETED
WAF-001037,LOT-0056,2,2025-01-04 23:01:00,COMPLETED
WAF-001038,LOT-0056,3,2025-01-04 23:02:00,COMPLETED
WAF-001039,LOT-0056,4,2025-01-04 23:03:00,COMPLETED
WAF-001040,LOT-0056,5,2025-01-04 23:04:00,COMPLETED
WAF-001041,LOT-0056,6,2025-01-04 23:05:00,COMPLETED
WAF-001042,LOT-0056,7,2025-01-04 23:06:00,COMPLETED
WAF-001043,LOT-0056,8,2025-01-04 23:07:00,COMPLETED
WAF-001044,LOT-0056,9,2025-01-04 23:08:00,COMPLETED
WAF-001045,LOT-0056,10,2025-01-04 23:09:00,COMPLETED
WAF-001046,LOT-0056,11,2025-01-04 23:10:00,COMPLETED
WAF-001047,LOT-0056,12,2025-01-04 23:11:00,COMPLETED
WAF-001048,LOT-0056,13,2025-01-04 23:12:00,COMPLETED
WAF-001049,LOT-0056,14,2025-01-04 23:13:00,COMPLETED
WAF-001050,LOT-0056,15,2025-01-04 23:14:00,COMPLETED
WAF-001051,LOT-0056,16,2025-01-04 23:15:00,COMPLETED
WAF-001052,LOT-0056,17,2025-01-04 23:16:00,COMPLETED
WAF-001053,LOT-0056,18,2025-01-04 23:17:00,COMPLETED
WAF-001054,LOT-0056,19,2025-01-04 23:18:00,COMPLETED
WAF-001055,LOT-0057,1,2025-01-02 02:00:00,IN_PROCESS
WAF-001056,LOT-0057,2,2025-01-02 02:01:00,IN_PROCESS
WAF-001057,LOT-0057,3,2025-01-02 02:02:00,IN_PROCESS
WAF-001058,LOT-0057,4,2025-01-02 02:03:00,IN_PROCESS
WAF-001059,LOT-0057,5,2025-01-02 02:04:00,IN_PROCESS
WAF-001060,LOT-0057,6,2025-01-02 02:05:00,IN_PROCESS
WAF-001061,LOT-0057,7,2025-01-02 02:06:00,IN_PROCESS
WAF-001062,LOT-0057,8,2025-01-02 02:07:00,IN_PROCESS
WAF-001063,LOT-0057,9,2025-01-02 02:08:00,IN_PROCESS
WAF-001064,LOT-0057,10,2025-01-02 02:09:00,IN_PROCESS
WAF-001065,LOT-0057,11,2025-01-02 02:10:00,IN_PROCESS
WAF-001066,LOT-0058,1,2025-01-23 12:00:00,COMPLETED
WAF-001067,LOT-0058,2,2025-01-23 12:01:00,COMPLETED
WAF-001068,LOT-0058,3,2025-01-23 12:02:00,COMPLETED
WAF-001069,LOT-0058,4,2025-01-23 12:03:00,COMPLETED
WAF-001070,LOT-0058,5,2025-01-23 12:04:00,COMPLETED
WAF-001071,LOT-0058,6,2025-01-23 12:05:00,COMPLETED
WAF-001072,LOT-0058,7,2025-01-23 12:06:00,COMPLETED
WAF-001073,LOT-0058,8,2025-01-23 12:07:00,COMPLETED
WAF-001074,LOT-0058,9,2025-01-23 12:08:00,COMPLETED
WAF-001075,LOT-0058,10,2025-01-23 12:09:00,COMPLETED
WAF-001076,LOT-0058,11,2025-01-23 12:10:00,COMPLETED
WAF-001077,LOT-0058,12,2025-01-23 12:11:00,COMPLETED
WAF-001078,LOT-0058,13,2025-01-23 12:12:00,COMPLETED
WAF-001079,LOT-0058,14,2025-01-23 12:13:00,COMPLETED
WAF-001080,LOT-0058,15,2025-01-23 12:14:00,COMPLETED
WAF-001081,LOT-0058,16,2025-01-23 12:15:00,COMPLETED
WAF-001082,LOT-0058,17,2025-01-23 12:16:00,COMPLETED
WAF-001083,LOT-0058,18,2025-01-23 12:17:00,COMPLETED
WAF-001084,LOT-0058,19,2025-01-23 12:18:00,COMPLETED
WAF-001085,LOT-0058,20,2025-01-23 12:19:00,COMPLETED
WAF-001086,LOT-0058,21,2025-01-23 12:20:00,COMPLETED
WAF-001087,LOT-0058,22,2025-01-23 12:21:00,COMPLETED
WAF-001088,LOT-0058,23,2025-01-23 12:22:00,COMPLETED
WAF-001089,LOT-0058,24,2025-01-23 12:23:00,COMPLETED
WAF-001090,LOT-0059,1,2025-01-05 07:00:00,COMPLETED
WAF-001091,LOT-0059,2,2025-01-05 07:01:00,COMPLETED
WAF-001092,LOT-0059,3,2025-01-05 07:02:00,COMPLETED
WAF-001093,LOT-0059,4,2025-01-05 07:03:00,COMPLETED
WAF-001094,LOT-0059,5,2025-01-05 07:04:00,COMPLETED
WAF-001095,LOT-0059,6,2025-01-05 07:05:00,COMPLETED
WAF-001096,LOT-0059,7,2025-01-05 07:06:00,COMPLETED
WAF-001097,LOT-0059,8,2025-01-05 07:07:00,COMPLETED
WAF-001098,LOT-0059,9,2025-01-05 07:08:00,COMPLETED
WAF-001099,LOT-0059,10,2025-01-05 07:09:00,COMPLETED
WAF-001100,LOT-0059,11,2025-01-05 07:10:00,COMPLETED
WAF-001101,LOT-0059,12,2025-01-05 07:11:00,COMPLETED
WAF-001102,LOT-0059,13,2025-01-05 07:12:00,COMPLETED
WAF-001103,LOT-0059,14,2025-01-05 07:13:00,COMPLETED
WAF-001104,LOT-0059,15,2025-01-05 07:14:00,COMPLETED
WAF-001105,LOT-0059,16,2025-01-05 07:15:00,COMPLETED
WAF-001106,LOT-0059,17,2025-01-05 07:16:00,COMPLETED
WAF-001107,LOT-0059,18,2025-01-05 07:17:00,COMPLETED
WAF-001108,LOT-0060,1,2025-01-21 05:00:00,COMPLETED
WAF-001109,LOT-0060,2,2025-01-21 05:01:00,COMPLETED
WAF-001110,LOT-0060,3,2025-01-21 05:02:00,COMPLETED
WAF-001111,LOT-0060,4,2025-01-21 05:03:00,COMPLETED
WAF-001112,LOT-0060,5,2025-01-21 05:04:00,COMPLETED
WAF-001113,LOT-0060,6,2025-01-21 05:05:00,COMPLETED
WAF-001114,LOT-0060,7,2025-01-21 05:06:00,COMPLETED
WAF-001115,LOT-0060,8,2025-01-21 05:07:00,COMPLETED
WAF-001116,LOT-0060,9,2025-01-21 05:08:00,COMPLETED
WAF-001117,LOT-0060,10,2025-01-21 05:09:00,COMPLETED
WAF-001118,LOT-0060,11,2025-01-21 05:10:00,COMPLETED
WAF-001119,LOT-0060,12,2025-01-21 05:11:00,COMPLETED
WAF-001120,LOT-0060,13,2025-01-21 05:12:00,COMPLETED
WAF-001121,LOT-0060,14,2025-01-21 05:13:00,COMPLETED
WAF-001122,LOT-0060,15,2025-01-21 05:14:00,COMPLETED
WAF-001123,LOT-0060,16,2025-01-21 05:15:00,COMPLETED
WAF-001124,LOT-0060,17,2025-01-21 05:16:00,COMPLETED
WAF-001125,LOT-0060,18,2025-01-21 05:17:00,COMPLETED
WAF-001126,LOT-0060,19,2025-01-21 05:18:00,COMPLETED
WAF-001127,LOT-0060,20,2025-01-21 05:19:00,COMPLETED
WAF-001128,LOT-0060,21,2025-01-21 05:20:00,COMPLETED
WAF-001129,LOT-0060,22,2025-01-21 05:21:00,COMPLETED
WAF-001130,LOT-0060,23,2025-01-21 05:22:00,COMPLETED
WAF-001131,LOT-0060,24,2025-01-21 05:23:00,COMPLETED
WAF-001132,LOT-0061,1,2025-01-05 18:00:00,COMPLETED
WAF-001133,LOT-0061,2,2025-01-05 18:01:00,COMPLETED
WAF-001134,LOT-0061,3,2025-01-05 18:02:00,COMPLETED
WAF-001135,LOT-0061,4,2025-01-05 18:03:00,COMPLETED
WAF-001136,LOT-0061,5,2025-01-05 18:04:00,COMPLETED
WAF-001137,LOT-0061,6,2025-01-05 18:05:00,COMPLETED
WAF-001138,LOT-0061,7,2025-01-05 18:06:00,COMPLETED
WAF-001139,LOT-0061,8,2025-01-05 18:07:00,COMPLETED
WAF-001140,LOT-0061,9,2025-01-05 18:08:00,COMPLETED
WAF-001141,LOT-0061,10,2025-01-05 18:09:00,COMPLETED
WAF-001142,LOT-0061,11,2025-01-05 18:10:00,COMPLETED
WAF-001143,LOT-0061,12,2025-01-05 18:11:00,COMPLETED
WAF-001144,LOT-0061,13,2025-01-05 18:12:00,COMPLETED
WAF-001145,LOT-0061,14,2025-01-05 18:13:00,COMPLETED
WAF-001146,LOT-0061,15,2025-01-05 18:14:00,COMPLETED
WAF-001147,LOT-0061,16,2025-01-05 18:15:00,COMPLETED
WAF-001148,LOT-0061,17,2025-01-05 18:16:00,COMPLETED
WAF-001149,LOT-0061,18,2025-01-05 18:17:00,COMPLETED
WAF-001150,LOT-0061,19,2025-01-05 18:18:00,COMPLETED
WAF-001151,LOT-0061,20,2025-01-05 18:19:00,COMPLETED
WAF-001152,LOT-0061,21,2025-01-05 18:20:00,COMPLETED
WAF-001153,LOT-0061,22,2025-01-05 18:21:00,COMPLETED
WAF-001154,LOT-0061,23,2025-01-05 18:22:00,COMPLETED
WAF-001155,LOT-0062,1,2025-01-04 12:00:00,COMPLETED
WAF-001156,LOT-0062,2,2025-01-04 12:01:00,COMPLETED
WAF-001157,LOT-0062,3,2025-01-04 12:02:00,COMPLETED
WAF-001158,LOT-0062,4,2025-01-04 12:03:00,COMPLETED
WAF-001159,LOT-0062,5,2025-01-04 12:04:00,COMPLETED
WAF-001160,LOT-0062,6,2025-01-04 12:05:00,COMPLETED
WAF-001161,LOT-0062,7,2025-01-04 12:06:00,COMPLETED
WAF-001162,LOT-0062,8,2025-01-04 12:07:00,COMPLETED
WAF-001163,LOT-0062,9,2025-01-04 12:08:00,COMPLETED
WAF-001164,LOT-0062,10,2025-01-04 12:09:00,COMPLETED
WAF-001165,LOT-0062,11,2025-01-04 12:10:00,COMPLETED
WAF-001166,LOT-0062,12,2025-01-04 12:11:00,COMPLETED
WAF-001167,LOT-0062,13,2025-01-04 12:12:00,COMPLETED
WAF-001168,LOT-0062,14,2025-01-04 12:13:00,COMPLETED
WAF-001169,LOT-0062,15,2025-01-04 12:14:00,COMPLETED
WAF-001170,LOT-0062,16,2025-01-04 12:15:00,COMPLETED
WAF-001171,LOT-0062,17,2025-01-04 12:16:00,COMPLETED
WAF-001172,LOT-0062,18,2025-01-04 12:17:00,COMPLETED
WAF-001173,LOT-0062,19,2025-01-04 12:18:00,COMPLETED
WAF-001174,LOT-0062,20,2025-01-04 12:19:00,COMPLETED
WAF-001175,LOT-0062,21,2025-01-04 12:20:00,COMPLETED
WAF-001176,LOT-0062,22,2025-01-04 12:21:00,COMPLETED
WAF-001177,LOT-0062,23,2025-01-04 12:22:00,COMPLETED
WAF-001178,LOT-0062,24,2025-01-04 12:23:00,COMPLETED
WAF-001179,LOT-0062,25,2025-01-04 12:24:00,COMPLETED
WAF-001180,LOT-0063,1,2025-01-23 11:00:00,IN_PROCESS
WAF-001181,LOT-0063,2,2025-01-23 11:01:00,IN_PROCESS
WAF-001182,LOT-0063,3,2025-01-23 11:02:00,IN_PROCESS
WAF-001183,LOT-0063,4,2025-01-23 11:03:00,IN_PROCESS
WAF-001184,LOT-0063,5,2025-01-23 11:04:00,IN_PROCESS
WAF-001185,LOT-0063,6,2025-01-23 11:05:00,IN_PROCESS
WAF-001186,LOT-0063,7,2025-01-23 11:06:00,IN_PROCESS
WAF-001187,LOT-0063,8,2025-01-23 11:07:00,IN_PROCESS
WAF-001188,LOT-0063,9,2025-01-23 11:08:00,IN_PROCESS
WAF-001189,LOT-0063,10,2025-01-23 11:09:00,IN_PROCESS
WAF-001190,LOT-0063,11,2025-01-23 11:10:00,IN_PROCESS
WAF-001191,LOT-0063,12,2025-01-23 11:11:00,IN_PROCESS
WAF-001192,LOT-0063,13,2025-01-23 11:12:00,IN_PROCESS
WAF-001193,LOT-0063,14,2025-01-23 11:13:00,IN_PROCESS
WAF-001194,LOT-0063,15,2025-01-23 11:14:00,IN_PROCESS
WAF-001195,LOT-0063,16,2025-01-23 11:15:00,IN_PROCESS
WAF-001196,LOT-0064,1,2025-01-15 08:00:00,COMPLETED
WAF-001197,LOT-0064,2,2025-01-15 08:01:00,COMPLETED
WAF-001198,LOT-0064,3,2025-01-15 08:02:00,COMPLETED
WAF-001199,LOT-0064,4,2025-01-15 08:03:00,COMPLETED
WAF-001200,LOT-0064,5,2025-01-15 08:04:00,COMPLETED
WAF-001201,LOT-0064,6,2025-01-15 08:05:00,COMPLETED
WAF-001202,LOT-0064,7,2025-01-15 08:06:00,COMPLETED
WAF-001203,LOT-0064,8,2025-01-15 08:07:00,COMPLETED
WAF-001204,LOT-0064,9,2025-01-15 08:08:00,COMPLETED
WAF-001205,LOT-0064,10,2025-01-15 08:09:00,COMPLETED
WAF-001206,LOT-0064,11,2025-01-15 08:10:00,COMPLETED
WAF-001207,LOT-0065,1,2025-01-15 05:00:00,COMPLETED
WAF-001208,LOT-0065,2,2025-01-15 05:01:00,COMPLETED
WAF-001209,LOT-0065,3,2025-01-15 05:02:00,COMPLETED
WAF-001210,LOT-0065,4,2025-01-15 05:03:00,COMPLETED
WAF-001211,LOT-0065,5,2025-01-15 05:04:00,COMPLETED
WAF-001212,LOT-0065,6,2025-01-15 05:05:00,COMPLETED
WAF-001213,LOT-0065,7,2025-01-15 05:06:00,COMPLETED
WAF-001214,LOT-0065,8,2025-01-15 05:07:00,COMPLETED
WAF-001215,LOT-0065,9,2025-01-15 05:08:00,COMPLETED
WAF-001216,LOT-0065,10,2025-01-15 05:09:00,COMPLETED
WAF-001217,LOT-0065,11,2025-01-15 05:10:00,COMPLETED
WAF-001218,LOT-0065,12,2025-01-15 05:11:00,COMPLETED
WAF-001219,LOT-0065,13,2025-01-15 05:12:00,COMPLETED
WAF-001220,LOT-0065,14,2025-01-15 05:13:00,COMPLETED
WAF-001221,LOT-0065,15,2025-01-15 05:14:00,COMPLETED
WAF-001222,LOT-0066,1,2025-01-17 06:00:00,COMPLETED
WAF-001223,LOT-0066,2,2025-01-17 06:01:00,COMPLETED
WAF-001224,LOT-0066,3,2025-01-17 06:02:00,COMPLETED
WAF-001225,LOT-0066,4,2025-01-17 06:03:00,COMPLETED
WAF-001226,LOT-0066,5,2025-01-17 06:04:00,COMPLETED
WAF-001227,LOT-0066,6,2025-01-17 06:05:00,COMPLETED
WAF-001228,LOT-0066,7,2025-01-17 06:06:00,COMPLETED
WAF-001229,LOT-0066,8,2025-01-17 06:07:00,COMPLETED
WAF-001230,LOT-0066,9,2025-01-17 06:08:00,COMPLETED
WAF-001231,LOT-0066,10,2025-01-17 06:09:00,COMPLETED
WAF-001232,LOT-0066,11,2025-01-17 06:10:00,COMPLETED
WAF-001233,LOT-0066,12,2025-01-17 06:11:00,COMPLETED
WAF-001234,LOT-0066,13,2025-01-17 06:12:00,COMPLETED
WAF-001235,LOT-0066,14,2025-01-17 06:13:00,COMPLETED
WAF-001236,LOT-0066,15,2025-01-17 06:14:00,COMPLETED
WAF-001237,LOT-0066,16,2025-01-17 06:15:00,COMPLETED
WAF-001238,LOT-0066,17,2025-01-17 06:16:00,COMPLETED
WAF-001239,LOT-0066,18,2025-01-17 06:17:00,COMPLETED
WAF-001240,LOT-0066,19,2025-01-17 06:18:00,COMPLETED
WAF-001241,LOT-0067,1,2025-01-29 03:00:00,COMPLETED
WAF-001242,LOT-0067,2,2025-01-29 03:01:00,COMPLETED
WAF-001243,LOT-0067,3,2025-01-29 03:02:00,COMPLETED
WAF-001244,LOT-0067,4,2025-01-29 03:03:00,COMPLETED
WAF-001245,LOT-0067,5,2025-01-29 03:04:00,COMPLETED
WAF-001246,LOT-0067,6,2025-01-29 03:05:00,COMPLETED
WAF-001247,LOT-0067,7,2025-01-29 03:06:00,COMPLETED
WAF-001248,LOT-0067,8,2025-01-29 03:07:00,COMPLETED
WAF-001249,LOT-0067,9,2025-01-29 03:08:00,COMPLETED
WAF-001250,LOT-0067,10,2025-01-29 03:09:00,COMPLETED
WAF-001251,LOT-0067,11,2025-01-29 03:10:00,COMPLETED
WAF-001252,LOT-0068,1,2025-01-20 21:00:00,COMPLETED
WAF-001253,LOT-0068,2,2025-01-20 21:01:00,COMPLETED
WAF-001254,LOT-0068,3,2025-01-20 21:02:00,COMPLETED
WAF-001255,LOT-0068,4,2025-01-20 21:03:00,COMPLETED
WAF-001256,LOT-0068,5,2025-01-20 21:04:00,COMPLETED
WAF-001257,LOT-0068,6,2025-01-20 21:05:00,COMPLETED
WAF-001258,LOT-0068,7,2025-01-20 21:06:00,COMPLETED
WAF-001259,LOT-0068,8,2025-01-20 21:07:00,COMPLETED
WAF-001260,LOT-0068,9,2025-01-20 21:08:00,COMPLETED
WAF-001261,LOT-0068,10,2025-01-20 21:09:00,COMPLETED
WAF-001262,LOT-0068,11,2025-01-20 21:10:00,COMPLETED
WAF-001263,LOT-0068,12,2025-01-20 21:11:00,COMPLETED
WAF-001264,LOT-0068,13,2025-01-20 21:12:00,COMPLETED
WAF-001265,LOT-0069,1,2025-01-26 13:00:00,COMPLETED
WAF-001266,LOT-0069,2,2025-01-26 13:01:00,COMPLETED
WAF-001267,LOT-0069,3,2025-01-26 13:02:00,COMPLETED
WAF-001268,LOT-0069,4,2025-01-26 13:03:00,COMPLETED
WAF-001269,LOT-0069,5,2025-01-26 13:04:00,COMPLETED
WAF-001270,LOT-0069,6,2025-01-26 13:05:00,COMPLETED
WAF-001271,LOT-0069,7,2025-01-26 13:06:00,COMPLETED
WAF-001272,LOT-0069,8,2025-01-26 13:07:00,COMPLETED
WAF-001273,LOT-0069,9,2025-01-26 13:08:00,COMPLETED
WAF-001274,LOT-0069,10,2025-01-26 13:09:00,COMPLETED
WAF-001275,LOT-0069,11,2025-01-26 13:10:00,COMPLETED
WAF-001276,LOT-0069,12,2025-01-26 13:11:00,COMPLETED
WAF-001277,LOT-0069,13,2025-01-26 13:12:00,COMPLETED
WAF-001278,LOT-0069,14,2025-01-26 13:13:00,COMPLETED
WAF-001279,LOT-0069,15,2025-01-26 13:14:00,COMPLETED
WAF-001280,LOT-0069,16,2025-01-26 13:15:00,COMPLETED
WAF-001281,LOT-0069,17,2025-01-26 13:16:00,COMPLETED
WAF-001282,LOT-0069,18,2025-01-26 13:17:00,COMPLETED
WAF-001283,LOT-0069,19,2025-01-26 13:18:00,COMPLETED
WAF-001284,LOT-0069,20,2025-01-26 13:19:00,COMPLETED
WAF-001285,LOT-0069,21,2025-01-26 13:20:00,COMPLETED
WAF-001286,LOT-0069,22,2025-01-26 13:21:00,COMPLETED
WAF-001287,LOT-0069,23,2025-01-26 13:22:00,COMPLETED
WAF-001288,LOT-0069,24,2025-01-26 13:23:00,COMPLETED
WAF-001289,LOT-0069,25,2025-01-26 13:24:00,COMPLETED
WAF-001290,LOT-0070,1,2025-01-04 11:00:00,COMPLETED
WAF-001291,LOT-0070,2,2025-01-04 11:01:00,COMPLETED
WAF-001292,LOT-0070,3,2025-01-04 11:02:00,COMPLETED
WAF-001293,LOT-0070,4,2025-01-04 11:03:00,COMPLETED
WAF-001294,LOT-0070,5,2025-01-04 11:04:00,COMPLETED
WAF-001295,LOT-0070,6,2025-01-04 11:05:00,COMPLETED
WAF-001296,LOT-0070,7,2025-01-04 11:06:00,COMPLETED
WAF-001297,LOT-0070,8,2025-01-04 11:07:00,COMPLETED
WAF-001298,LOT-0070,9,2025-01-04 11:08:00,COMPLETED
WAF-001299,LOT-0070,10,2025-01-04 11:09:00,COMPLETED
WAF-001300,LOT-0070,11,2025-01-04 11:10:00,COMPLETED
WAF-001301,LOT-0070,12,2025-01-04 11:11:00,COMPLETED
WAF-001302,LOT-0071,1,2025-01-29 00:00:00,COMPLETED
WAF-001303,LOT-0071,2,2025-01-29 00:01:00,COMPLETED
WAF-001304,LOT-0071,3,2025-01-29 00:02:00,COMPLETED
WAF-001305,LOT-0071,4,2025-01-29 00:03:00,COMPLETED
WAF-001306,LOT-0071,5,2025-01-29 00:04:00,COMPLETED
WAF-001307,LOT-0071,6,2025-01-29 00:05:00,COMPLETED
WAF-001308,LOT-0071,7,2025-01-29 00:06:00,COMPLETED
WAF-001309,LOT-0071,8,2025-01-29 00:07:00,COMPLETED
WAF-001310,LOT-0071,9,2025-01-29 00:08:00,COMPLETED
WAF-001311,LOT-0071,10,2025-01-29 00:09:00,COMPLETED
WAF-001312,LOT-0071,11,2025-01-29 00:10:00,COMPLETED
WAF-001313,LOT-0071,12,2025-01-29 00:11:00,COMPLETED
WAF-001314,LOT-0071,13,2025-01-29 00:12:00,COMPLETED
WAF-001315,LOT-0071,14,2025-01-29 00:13:00,COMPLETED
WAF-001316,LOT-0071,15,2025-01-29 00:14:00,COMPLETED
WAF-001317,LOT-0071,16,2025-01-29 00:15:00,COMPLETED
WAF-001318,LOT-0071,17,2025-01-29 00:16:00,COMPLETED
WAF-001319,LOT-0071,18,2025-01-29 00:17:00,COMPLETED
WAF-001320,LOT-0071,19,2025-01-29 00:18:00,COMPLETED
WAF-001321,LOT-0071,20,2025-01-29 00:19:00,COMPLETED
WAF-001322,LOT-0071,21,2025-01-29 00:20:00,COMPLETED
WAF-001323,LOT-0071,22,2025-01-29 00:21:00,COMPLETED
WAF-001324,LOT-0071,23,2025-01-29 00:22:00,COMPLETED
WAF-001325,LOT-0071,24,2025-01-29 00:23:00,COMPLETED
WAF-001326,LOT-0072,1,2025-01-28 23:00:00,IN_PROCESS
WAF-001327,LOT-0072,2,2025-01-28 23:01:00,IN_PROCESS
WAF-001328,LOT-0072,3,2025-01-28 23:02:00,IN_PROCESS
WAF-001329,LOT-0072,4,2025-01-28 23:03:00,IN_PROCESS
WAF-001330,LOT-0072,5,2025-01-28 23:04:00,IN_PROCESS
WAF-001331,LOT-0072,6,2025-01-28 23:05:00,IN_PROCESS
WAF-001332,LOT-0072,7,2025-01-28 23:06:00,IN_PROCESS
WAF-001333,LOT-0072,8,2025-01-28 23:07:00,IN_PROCESS
WAF-001334,LOT-0072,9,2025-01-28 23:08:00,IN_PROCESS
WAF-001335,LOT-0072,10,2025-01-28 23:09:00,IN_PROCESS
WAF-001336,LOT-0072,11,2025-01-28 23:10:00,IN_PROCESS
WAF-001337,LOT-0072,12,2025-01-28 23:11:00,IN_PROCESS
WAF-001338,LOT-0073,1,2025-01-22 14:00:00,COMPLETED
WAF-001339,LOT-0073,2,2025-01-22 14:01:00,COMPLETED
WAF-001340,LOT-0073,3,2025-01-22 14:02:00,COMPLETED
WAF-001341,LOT-0073,4,2025-01-22 14:03:00,COMPLETED
WAF-001342,LOT-0073,5,2025-01-22 14:04:00,COMPLETED
WAF-001343,LOT-0073,6,2025-01-22 14:05:00,COMPLETED
WAF-001344,LOT-0073,7,2025-01-22 14:06:00,COMPLETED
WAF-001345,LOT-0073,8,2025-01-22 14:07:00,COMPLETED
WAF-001346,LOT-0073,9,2025-01-22 14:08:00,COMPLETED
WAF-001347,LOT-0073,10,2025-01-22 14:09:00,COMPLETED
WAF-001348,LOT-0073,11,2025-01-22 14:10:00,COMPLETED
WAF-001349,LOT-0073,12,2025-01-22 14:11:00,COMPLETED
WAF-001350,LOT-0073,13,2025-01-22 14:12:00,COMPLETED
WAF-001351,LOT-0074,1,2025-01-06 13:00:00,COMPLETED
WAF-001352,LOT-0074,2,2025-01-06 13:01:00,COMPLETED
WAF-001353,LOT-0074,3,2025-01-06 13:02:00,COMPLETED
WAF-001354,LOT-0074,4,2025-01-06 13:03:00,COMPLETED
WAF-001355,LOT-0074,5,2025-01-06 13:04:00,COMPLETED
WAF-001356,LOT-0074,6,2025-01-06 13:05:00,COMPLETED
WAF-001357,LOT-0074,7,2025-01-06 13:06:00,COMPLETED
WAF-001358,LOT-0074,8,2025-01-06 13:07:00,COMPLETED
WAF-001359,LOT-0074,9,2025-01-06 13:08:00,COMPLETED
WAF-001360,LOT-0074,10,2025-01-06 13:09:00,COMPLETED
WAF-001361,LOT-0074,11,2025-01-06 13:10:00,COMPLETED
WAF-001362,LOT-0074,12,2025-01-06 13:11:00,COMPLETED
WAF-001363,LOT-0074,13,2025-01-06 13:12:00,COMPLETED
WAF-001364,LOT-0074,14,2025-01-06 13:13:00,COMPLETED
WAF-001365,LOT-0074,15,2025-01-06 13:14:00,COMPLETED
WAF-001366,LOT-0074,16,2025-01-06 13:15:00,COMPLETED
WAF-001367,LOT-0074,17,2025-01-06 13:16:00,COMPLETED
WAF-001368,LOT-0074,18,2025-01-06 13:17:00,COMPLETED
WAF-001369,LOT-0074,19,2025-01-06 13:18:00,COMPLETED
WAF-001370,LOT-0074,20,2025-01-06 13:19:00,COMPLETED
WAF-001371,LOT-0075,1,2025-01-30 20:00:00,IN_PROCESS
WAF-001372,LOT-0075,2,2025-01-30 20:01:00,IN_PROCESS
WAF-001373,LOT-0075,3,2025-01-30 20:02:00,IN_PROCESS
WAF-001374,LOT-0075,4,2025-01-30 20:03:00,IN_PROCESS
WAF-001375,LOT-0075,5,2025-01-30 20:04:00,IN_PROCESS
WAF-001376,LOT-0075,6,2025-01-30 20:05:00,IN_PROCESS
WAF-001377,LOT-0075,7,2025-01-30 20:06:00,IN_PROCESS
WAF-001378,LOT-0075,8,2025-01-30 20:07:00,IN_PROCESS
WAF-001379,LOT-0075,9,2025-01-30 20:08:00,IN_PROCESS
WAF-001380,LOT-0075,10,2025-01-30 20:09:00,IN_PROCESS
WAF-001381,LOT-0075,11,2025-01-30 20:10:00,IN_PROCESS
WAF-001382,LOT-0075,12,2025-01-30 20:11:00,IN_PROCESS
WAF-001383,LOT-0075,13,2025-01-30 20:12:00,IN_PROCESS
WAF-001384,LOT-0075,14,2025-01-30 20:13:00,IN_PROCESS
WAF-001385,LOT-0075,15,2025-01-30 20:14:00,IN_PROCESS
WAF-001386,LOT-0075,16,2025-01-30 20:15:00,IN_PROCESS
WAF-001387,LOT-0075,17,2025-01-30 20:16:00,IN_PROCESS
WAF-001388,LOT-0075,18,2025-01-30 20:17:00,IN_PROCESS
WAF-001389,LOT-0075,19,2025-01-30 20:18:00,IN_PROCESS
WAF-001390,LOT-0075,20,2025-01-30 20:19:00,IN_PROCESS
WAF-001391,LOT-0075,21,2025-01-30 20:20:00,IN_PROCESS
WAF-001392,LOT-0076,1,2025-01-27 14:00:00,COMPLETED
WAF-001393,LOT-0076,2,2025-01-27 14:01:00,COMPLETED
WAF-001394,LOT-0076,3,2025-01-27 14:02:00,COMPLETED
WAF-001395,LOT-0076,4,2025-01-27 14:03:00,COMPLETED
WAF-001396,LOT-0076,5,2025-01-27 14:04:00,COMPLETED
WAF-001397,LOT-0076,6,2025-01-27 14:05:00,COMPLETED
WAF-001398,LOT-0076,7,2025-01-27 14:06:00,COMPLETED
WAF-001399,LOT-0076,8,2025-01-27 14:07:00,COMPLETED
WAF-001400,LOT-0076,9,2025-01-27 14:08:00,COMPLETED
WAF-001401,LOT-0076,10,2025-01-27 14:09:00,COMPLETED
WAF-001402,LOT-0076,11,2025-01-27 14:10:00,COMPLETED
WAF-001403,LOT-0076,12,2025-01-27 14:11:00,COMPLETED
WAF-001404,LOT-0077,1,2025-01-20 14:00:00,COMPLETED
WAF-001405,LOT-0077,2,2025-01-20 14:01:00,COMPLETED
WAF-001406,LOT-0077,3,2025-01-20 14:02:00,COMPLETED
WAF-001407,LOT-0077,4,2025-01-20 14:03:00,COMPLETED
WAF-001408,LOT-0077,5,2025-01-20 14:04:00,COMPLETED
WAF-001409,LOT-0077,6,2025-01-20 14:05:00,COMPLETED
WAF-001410,LOT-0077,7,2025-01-20 14:06:00,COMPLETED
WAF-001411,LOT-0077,8,2025-01-20 14:07:00,COMPLETED
WAF-001412,LOT-0077,9,2025-01-20 14:08:00,COMPLETED
WAF-001413,LOT-0077,10,2025-01-20 14:09:00,COMPLETED
WAF-001414,LOT-0077,11,2025-01-20 14:10:00,COMPLETED
WAF-001415,LOT-0077,12,2025-01-20 14:11:00,COMPLETED
WAF-001416,LOT-0077,13,2025-01-20 14:12:00,COMPLETED
WAF-001417,LOT-0077,14,2025-01-20 14:13:00,COMPLETED
WAF-001418,LOT-0077,15,2025-01-20 14:14:00,COMPLETED
WAF-001419,LOT-0077,16,2025-01-20 14:15:00,COMPLETED
WAF-001420,LOT-0077,17,2025-01-20 14:16:00,COMPLETED
WAF-001421,LOT-0077,18,2025-01-20 14:17:00,COMPLETED
WAF-001422,LOT-0077,19,2025-01-20 14:18:00,COMPLETED
WAF-001423,LOT-0077,20,2025-01-20 14:19:00,COMPLETED
WAF-001424,LOT-0077,21,2025-01-20 14:20:00,COMPLETED
WAF-001425,LOT-0077,22,2025-01-20 14:21:00,COMPLETED
WAF-001426,LOT-0077,23,2025-01-20 14:22:00,COMPLETED
WAF-001427,LOT-0077,24,2025-01-20 14:23:00,COMPLETED
WAF-001428,LOT-0077,25,2025-01-20 14:24:00,COMPLETED
WAF-001429,LOT-0078,1,2025-01-13 19:00:00,COMPLETED
WAF-001430,LOT-0078,2,2025-01-13 19:01:00,COMPLETED
WAF-001431,LOT-0078,3,2025-01-13 19:02:00,COMPLETED
WAF-001432,LOT-0078,4,2025-01-13 19:03:00,COMPLETED
WAF-001433,LOT-0078,5,2025-01-13 19:04:00,COMPLETED
WAF-001434,LOT-0078,6,2025-01-13 19:05:00,COMPLETED
WAF-001435,LOT-0078,7,2025-01-13 19:06:00,COMPLETED
WAF-001436,LOT-0078,8,2025-01-13 19:07:00,COMPLETED
WAF-001437,LOT-0078,9,2025-01-13 19:08:00,COMPLETED
WAF-001438,LOT-0078,10,2025-01-13 19:09:00,COMPLETED
WAF-001439,LOT-0078,11,2025-01-13 19:10:00,COMPLETED
WAF-001440,LOT-0078,12,2025-01-13 19:11:00,COMPLETED
WAF-001441,LOT-0078,13,2025-01-13 19:12:00,COMPLETED
WAF-001442,LOT-0078,14,2025-01-13 19:13:00,COMPLETED
WAF-001443,LOT-0078,15,2025-01-13 19:14:00,COMPLETED
WAF-001444,LOT-0078,16,2025-01-13 19:15:00,COMPLETED
WAF-001445,LOT-0078,17,2025-01-13 19:16:00,COMPLETED
WAF-001446,LOT-0078,18,2025-01-13 19:17:00,COMPLETED
WAF-001447,LOT-0079,1,2025-01-04 12:00:00,COMPLETED
WAF-001448,LOT-0079,2,2025-01-04 12:01:00,COMPLETED
WAF-001449,LOT-0079,3,2025-01-04 12:02:00,COMPLETED
WAF-001450,LOT-0079,4,2025-01-04 12:03:00,COMPLETED
WAF-001451,LOT-0079,5,2025-01-04 12:04:00,COMPLETED
WAF-001452,LOT-0079,6,2025-01-04 12:05:00,COMPLETED
WAF-001453,LOT-0079,7,2025-01-04 12:06:00,COMPLETED
WAF-001454,LOT-0079,8,2025-01-04 12:07:00,COMPLETED
WAF-001455,LOT-0079,9,2025-01-04 12:08:00,COMPLETED
WAF-001456,LOT-0079,10,2025-01-04 12:09:00,COMPLETED
WAF-001457,LOT-0079,11,2025-01-04 12:10:00,COMPLETED
WAF-001458,LOT-0079,12,2025-01-04 12:11:00,COMPLETED
WAF-001459,LOT-0079,13,2025-01-04 12:12:00,COMPLETED
WAF-001460,LOT-0079,14,2025-01-04 12:13:00,COMPLETED
WAF-001461,LOT-0079,15,2025-01-04 12:14:00,COMPLETED
WAF-001462,LOT-0079,16,2025-01-04 12:15:00,COMPLETED
WAF-001463,LOT-0080,1,2025-01-29 01:00:00,COMPLETED
WAF-001464,LOT-0080,2,2025-01-29 01:01:00,COMPLETED
WAF-001465,LOT-0080,3,2025-01-29 01:02:00,COMPLETED
WAF-001466,LOT-0080,4,2025-01-29 01:03:00,COMPLETED
WAF-001467,LOT-0080,5,2025-01-29 01:04:00,COMPLETED
WAF-001468,LOT-0080,6,2025-01-29 01:05:00,COMPLETED
WAF-001469,LOT-0080,7,2025-01-29 01:06:00,COMPLETED
WAF-001470,LOT-0080,8,2025-01-29 01:07:00,COMPLETED
WAF-001471,LOT-0080,9,2025-01-29 01:08:00,COMPLETED
WAF-001472,LOT-0080,10,2025-01-29 01:09:00,COMPLETED
WAF-001473,LOT-0080,11,2025-01-29 01:10:00,COMPLETED
WAF-001474,LOT-0080,12,2025-01-29 01:11:00,COMPLETED
WAF-001475,LOT-0080,13,2025-01-29 01:12:00,COMPLETED
WAF-001476,LOT-0080,14,2025-01-29 01:13:00,COMPLETED
WAF-001477,LOT-0080,15,2025-01-29 01:14:00,COMPLETED
WAF-001478,LOT-0080,16,2025-01-29 01:15:00,COMPLETED
WAF-001479,LOT-0080,17,2025-01-29 01:16:00,COMPLETED
WAF-001480,LOT-0080,18,2025-01-29 01:17:00,COMPLETED
WAF-001481,LOT-0080,19,2025-01-29 01:18:00,COMPLETED
WAF-001482,LOT-0080,20,2025-01-29 01:19:00,COMPLETED
WAF-001483,LOT-0080,21,2025-01-29 01:20:00,COMPLETED
WAF-001484,LOT-0080,22,2025-01-29 01:21:00,COMPLETED
WAF-001485,LOT-0080,23,2025-01-29 01:22:00,COMPLETED
WAF-001486,LOT-0080,24,2025-01-29 01:23:00,COMPLETED
WAF-001487,LOT-0081,1,2025-01-18 17:00:00,IN_PROCESS
WAF-001488,LOT-0081,2,2025-01-18 17:01:00,IN_PROCESS
WAF-001489,LOT-0081,3,2025-01-18 17:02:00,IN_PROCESS
WAF-001490,LOT-0081,4,2025-01-18 17:03:00,IN_PROCESS
WAF-001491,LOT-0081,5,2025-01-18 17:04:00,IN_PROCESS
WAF-001492,LOT-0081,6,2025-01-18 17:05:00,IN_PROCESS
WAF-001493,LOT-0081,7,2025-01-18 17:06:00,IN_PROCESS
WAF-001494,LOT-0081,8,2025-01-18 17:07:00,IN_PROCESS
WAF-001495,LOT-0081,9,2025-01-18 17:08:00,IN_PROCESS
WAF-001496,LOT-0081,10,2025-01-18 17:09:00,IN_PROCESS
WAF-001497,LOT-0081,11,2025-01-18 17:10:00,IN_PROCESS
WAF-001498,LOT-0081,12,2025-01-18 17:11:00,IN_PROCESS
WAF-001499,LOT-0081,13,2025-01-18 17:12:00,IN_PROCESS
WAF-001500,LOT-0081,14,2025-01-18 17:13:00,IN_PROCESS
WAF-001501,LOT-0081,15,2025-01-18 17:14:00,IN_PROCESS
WAF-001502,LOT-0081,16,2025-01-18 17:15:00,IN_PROCESS
WAF-001503,LOT-0081,17,2025-01-18 17:16:00,IN_PROCESS
WAF-001504,LOT-0081,18,2025-01-18 17:17:00,IN_PROCESS
WAF-001505,LOT-0081,19,2025-01-18 17:18:00,IN_PROCESS
WAF-001506,LOT-0081,20,2025-01-18 17:19:00,IN_PROCESS
WAF-001507,LOT-0082,1,2025-01-20 14:00:00,COMPLETED
WAF-001508,LOT-0082,2,2025-01-20 14:01:00,COMPLETED
WAF-001509,LOT-0082,3,2025-01-20 14:02:00,COMPLETED
WAF-001510,LOT-0082,4,2025-01-20 14:03:00,COMPLETED
WAF-001511,LOT-0082,5,2025-01-20 14:04:00,COMPLETED
WAF-001512,LOT-0082,6,2025-01-20 14:05:00,COMPLETED
WAF-001513,LOT-0082,7,2025-01-20 14:06:00,COMPLETED
WAF-001514,LOT-0082,8,2025-01-20 14:07:00,COMPLETED
WAF-001515,LOT-0082,9,2025-01-20 14:08:00,COMPLETED
WAF-001516,LOT-0082,10,2025-01-20 14:09:00,COMPLETED
WAF-001517,LOT-0082,11,2025-01-20 14:10:00,COMPLETED
WAF-001518,LOT-0082,12,2025-01-20 14:11:00,COMPLETED
WAF-001519,LOT-0082,13,2025-01-20 14:12:00,COMPLETED
WAF-001520,LOT-0082,14,2025-01-20 14:13:00,COMPLETED
WAF-001521,LOT-0082,15,2025-01-20 14:14:00,COMPLETED
WAF-001522,LOT-0082,16,2025-01-20 14:15:00,COMPLETED
WAF-001523,LOT-0082,17,2025-01-20 14:16:00,COMPLETED
WAF-001524,LOT-0082,18,2025-01-20 14:17:00,COMPLETED
WAF-001525,LOT-0083,1,2025-01-26 08:00:00,COMPLETED
WAF-001526,LOT-0083,2,2025-01-26 08:01:00,COMPLETED
WAF-001527,LOT-0083,3,2025-01-26 08:02:00,COMPLETED
WAF-001528,LOT-0083,4,2025-01-26 08:03:00,COMPLETED
WAF-001529,LOT-0083,5,2025-01-26 08:04:00,COMPLETED
WAF-001530,LOT-0083,6,2025-01-26 08:05:00,COMPLETED
WAF-001531,LOT-0083,7,2025-01-26 08:06:00,COMPLETED
WAF-001532,LOT-0083,8,2025-01-26 08:07:00,COMPLETED
WAF-001533,LOT-0083,9,2025-01-26 08:08:00,COMPLETED
WAF-001534,LOT-0083,10,2025-01-26 08:09:00,COMPLETED
WAF-001535,LOT-0083,11,2025-01-26 08:10:00,COMPLETED
WAF-001536,LOT-0083,12,2025-01-26 08:11:00,COMPLETED
WAF-001537,LOT-0083,13,2025-01-26 08:12:00,COMPLETED
WAF-001538,LOT-0083,14,2025-01-26 08:13:00,COMPLETED
WAF-001539,LOT-0083,15,2025-01-26 08:14:00,COMPLETED
WAF-001540,LOT-0083,16,2025-01-26 08:15:00,COMPLETED
WAF-001541,LOT-0083,17,2025-01-26 08:16:00,COMPLETED
WAF-001542,LOT-0083,18,2025-01-26 08:17:00,COMPLETED
WAF-001543,LOT-0083,19,2025-01-26 08:18:00,COMPLETED
WAF-001544,LOT-0083,20,2025-01-26 08:19:00,COMPLETED
WAF-001545,LOT-0083,21,2025-01-26 08:20:00,COMPLETED
WAF-001546,LOT-0083,22,2025-01-26 08:21:00,COMPLETED
WAF-001547,LOT-0084,1,2025-01-12 21:00:00,COMPLETED
WAF-001548,LOT-0084,2,2025-01-12 21:01:00,COMPLETED
WAF-001549,LOT-0084,3,2025-01-12 21:02:00,COMPLETED
WAF-001550,LOT-0084,4,2025-01-12 21:03:00,COMPLETED
WAF-001551,LOT-0084,5,2025-01-12 21:04:00,COMPLETED
WAF-001552,LOT-0084,6,2025-01-12 21:05:00,COMPLETED
WAF-001553,LOT-0084,7,2025-01-12 21:06:00,COMPLETED
WAF-001554,LOT-0084,8,2025-01-12 21:07:00,COMPLETED
WAF-001555,LOT-0084,9,2025-01-12 21:08:00,COMPLETED
WAF-001556,LOT-0084,10,2025-01-12 21:09:00,COMPLETED
WAF-001557,LOT-0084,11,2025-01-12 21:10:00,COMPLETED
WAF-001558,LOT-0084,12,2025-01-12 21:11:00,COMPLETED
WAF-001559,LOT-0085,1,2025-01-19 11:00:00,COMPLETED
WAF-001560,LOT-0085,2,2025-01-19 11:01:00,COMPLETED
WAF-001561,LOT-0085,3,2025-01-19 11:02:00,COMPLETED
WAF-001562,LOT-0085,4,2025-01-19 11:03:00,COMPLETED
WAF-001563,LOT-0085,5,2025-01-19 11:04:00,COMPLETED
WAF-001564,LOT-0085,6,2025-01-19 11:05:00,COMPLETED
WAF-001565,LOT-0085,7,2025-01-19 11:06:00,COMPLETED
WAF-001566,LOT-0085,8,2025-01-19 11:07:00,COMPLETED
WAF-001567,LOT-0085,9,2025-01-19 11:08:00,COMPLETED
WAF-001568,LOT-0085,10,2025-01-19 11:09:00,COMPLETED
WAF-001569,LOT-0085,11,2025-01-19 11:10:00,COMPLETED
WAF-001570,LOT-0085,12,2025-01-19 11:11:00,COMPLETED
WAF-001571,LOT-0085,13,2025-01-19 11:12:00,COMPLETED
WAF-001572,LOT-0085,14,2025-01-19 11:13:00,COMPLETED
WAF-001573,LOT-0085,15,2025-01-19 11:14:00,COMPLETED
WAF-001574,LOT-0086,1,2025-01-12 08:00:00,COMPLETED
WAF-001575,LOT-0086,2,2025-01-12 08:01:00,COMPLETED
WAF-001576,LOT-0086,3,2025-01-12 08:02:00,COMPLETED
WAF-001577,LOT-0086,4,2025-01-12 08:03:00,COMPLETED
WAF-001578,LOT-0086,5,2025-01-12 08:04:00,COMPLETED
WAF-001579,LOT-0086,6,2025-01-12 08:05:00,COMPLETED
WAF-001580,LOT-0086,7,2025-01-12 08:06:00,COMPLETED
WAF-001581,LOT-0086,8,2025-01-12 08:07:00,COMPLETED
WAF-001582,LOT-0086,9,2025-01-12 08:08:00,COMPLETED
WAF-001583,LOT-0086,10,2025-01-12 08:09:00,COMPLETED
WAF-001584,LOT-0086,11,2025-01-12 08:10:00,COMPLETED
WAF-001585,LOT-0086,12,2025-01-12 08:11:00,COMPLETED
WAF-001586,LOT-0086,13,2025-01-12 08:12:00,COMPLETED
WAF-001587,LOT-0086,14,2025-01-12 08:13:00,COMPLETED
WAF-001588,LOT-0086,15,2025-01-12 08:14:00,COMPLETED
WAF-001589,LOT-0086,16,2025-01-12 08:15:00,COMPLETED
WAF-001590,LOT-0087,1,2025-01-25 02:00:00,COMPLETED
WAF-001591,LOT-0087,2,2025-01-25 02:01:00,COMPLETED
WAF-001592,LOT-0087,3,2025-01-25 02:02:00,COMPLETED
WAF-001593,LOT-0087,4,2025-01-25 02:03:00,COMPLETED
WAF-001594,LOT-0087,5,2025-01-25 02:04:00,COMPLETED
WAF-001595,LOT-0087,6,2025-01-25 02:05:00,COMPLETED
WAF-001596,LOT-0087,7,2025-01-25 02:06:00,COMPLETED
WAF-001597,LOT-0087,8,2025-01-25 02:07:00,COMPLETED
WAF-001598,LOT-0087,9,2025-01-25 02:08:00,COMPLETED
WAF-001599,LOT-0087,10,2025-01-25 02:09:00,COMPLETED
WAF-001600,LOT-0087,11,2025-01-25 02:10:00,COMPLETED
WAF-001601,LOT-0087,12,2025-01-25 02:11:00,COMPLETED
WAF-001602,LOT-0087,13,2025-01-25 02:12:00,COMPLETED
WAF-001603,LOT-0087,14,2025-01-25 02:13:00,COMPLETED
WAF-001604,LOT-0087,15,2025-01-25 02:14:00,COMPLETED
WAF-001605,LOT-0087,16,2025-01-25 02:15:00,COMPLETED
WAF-001606,LOT-0087,17,2025-01-25 02:16:00,COMPLETED
WAF-001607,LOT-0087,18,2025-01-25 02:17:00,COMPLETED
WAF-001608,LOT-0087,19,2025-01-25 02:18:00,COMPLETED
WAF-001609,LOT-0087,20,2025-01-25 02:19:00,COMPLETED
WAF-001610,LOT-0088,1,2025-01-28 19:00:00,COMPLETED
WAF-001611,LOT-0088,2,2025-01-28 19:01:00,COMPLETED
WAF-001612,LOT-0088,3,2025-01-28 19:02:00,COMPLETED
WAF-001613,LOT-0088,4,2025-01-28 19:03:00,COMPLETED
WAF-001614,LOT-0088,5,2025-01-28 19:04:00,COMPLETED
WAF-001615,LOT-0088,6,2025-01-28 19:05:00,COMPLETED
WAF-001616,LOT-0088,7,2025-01-28 19:06:00,COMPLETED
WAF-001617,LOT-0088,8,2025-01-28 19:07:00,COMPLETED
WAF-001618,LOT-0088,9,2025-01-28 19:08:00,COMPLETED
WAF-001619,LOT-0088,10,2025-01-28 19:09:00,COMPLETED
WAF-001620,LOT-0088,11,2025-01-28 19:10:00,COMPLETED
WAF-001621,LOT-0088,12,2025-01-28 19:11:00,COMPLETED
WAF-001622,LOT-0088,13,2025-01-28 19:12:00,COMPLETED
WAF-001623,LOT-0088,14,2025-01-28 19:13:00,COMPLETED
WAF-001624,LOT-0088,15,2025-01-28 19:14:00,COMPLETED
WAF-001625,LOT-0088,16,2025-01-28 19:15:00,COMPLETED
WAF-001626,LOT-0088,17,2025-01-28 19:16:00,COMPLETED
WAF-001627,LOT-0088,18,2025-01-28 19:17:00,COMPLETED
WAF-001628,LOT-0089,1,2025-01-07 09:00:00,COMPLETED
WAF-001629,LOT-0089,2,2025-01-07 09:01:00,COMPLETED
WAF-001630,LOT-0089,3,2025-01-07 09:02:00,COMPLETED
WAF-001631,LOT-0089,4,2025-01-07 09:03:00,COMPLETED
WAF-001632,LOT-0089,5,2025-01-07 09:04:00,COMPLETED
WAF-001633,LOT-0089,6,2025-01-07 09:05:00,COMPLETED
WAF-001634,LOT-0089,7,2025-01-07 09:06:00,COMPLETED
WAF-001635,LOT-0089,8,2025-01-07 09:07:00,COMPLETED
WAF-001636,LOT-0089,9,2025-01-07 09:08:00,COMPLETED
WAF-001637,LOT-0089,10,2025-01-07 09:09:00,COMPLETED
WAF-001638,LOT-0089,11,2025-01-07 09:10:00,COMPLETED
WAF-001639,LOT-0089,12,2025-01-07 09:11:00,COMPLETED
WAF-001640,LOT-0089,13,2025-01-07 09:12:00,COMPLETED
WAF-001641,LOT-0089,14,2025-01-07 09:13:00,COMPLETED
WAF-001642,LOT-0089,15,2025-01-07 09:14:00,COMPLETED
WAF-001643,LOT-0089,16,2025-01-07 09:15:00,COMPLETED
WAF-001644,LOT-0089,17,2025-01-07 09:16:00,COMPLETED
WAF-001645,LOT-0089,18,2025-01-07 09:17:00,COMPLETED
WAF-001646,LOT-0090,1,2025-01-17 07:00:00,COMPLETED
WAF-001647,LOT-0090,2,2025-01-17 07:01:00,COMPLETED
WAF-001648,LOT-0090,3,2025-01-17 07:02:00,COMPLETED
WAF-001649,LOT-0090,4,2025-01-17 07:03:00,COMPLETED
WAF-001650,LOT-0090,5,2025-01-17 07:04:00,COMPLETED
WAF-001651,LOT-0090,6,2025-01-17 07:05:00,COMPLETED
WAF-001652,LOT-0090,7,2025-01-17 07:06:00,COMPLETED
WAF-001653,LOT-0090,8,2025-01-17 07:07:00,COMPLETED
WAF-001654,LOT-0090,9,2025-01-17 07:08:00,COMPLETED
WAF-001655,LOT-0090,10,2025-01-17 07:09:00,COMPLETED
WAF-001656,LOT-0090,11,2025-01-17 07:10:00,COMPLETED
WAF-001657,LOT-0090,12,2025-01-17 07:11:00,COMPLETED
WAF-001658,LOT-0090,13,2025-01-17 07:12:00,COMPLETED
WAF-001659,LOT-0090,14,2025-01-17 07:13:00,COMPLETED
WAF-001660,LOT-0090,15,2025-01-17 07:14:00,COMPLETED
WAF-001661,LOT-0090,16,2025-01-17 07:15:00,COMPLETED
WAF-001662,LOT-0090,17,2025-01-17 07:16:00,COMPLETED
WAF-001663,LOT-0090,18,2025-01-17 07:17:00,COMPLETED
WAF-001664,LOT-0090,19,2025-01-17 07:18:00,COMPLETED
WAF-001665,LOT-0090,20,2025-01-17 07:19:00,COMPLETED
WAF-001666,LOT-0090,21,2025-01-17 07:20:00,COMPLETED
WAF-001667,LOT-0091,1,2025-01-16 10:00:00,IN_PROCESS
WAF-001668,LOT-0091,2,2025-01-16 10:01:00,IN_PROCESS
WAF-001669,LOT-0091,3,2025-01-16 10:02:00,IN_PROCESS
WAF-001670,LOT-0091,4,2025-01-16 10:03:00,IN_PROCESS
WAF-001671,LOT-0091,5,2025-01-16 10:04:00,IN_PROCESS
WAF-001672,LOT-0091,6,2025-01-16 10:05:00,IN_PROCESS
WAF-001673,LOT-0091,7,2025-01-16 10:06:00,IN_PROCESS
WAF-001674,LOT-0091,8,2025-01-16 10:07:00,IN_PROCESS
WAF-001675,LOT-0091,9,2025-01-16 10:08:00,IN_PROCESS
WAF-001676,LOT-0091,10,2025-01-16 10:09:00,IN_PROCESS
WAF-001677,LOT-0091,11,2025-01-16 10:10:00,IN_PROCESS
WAF-001678,LOT-0091,12,2025-01-16 10:11:00,IN_PROCESS
WAF-001679,LOT-0091,13,2025-01-16 10:12:00,IN_PROCESS
WAF-001680,LOT-0091,14,2025-01-16 10:13:00,IN_PROCESS
WAF-001681,LOT-0091,15,2025-01-16 10:14:00,IN_PROCESS
WAF-001682,LOT-0091,16,2025-01-16 10:15:00,IN_PROCESS
WAF-001683,LOT-0091,17,2025-01-16 10:16:00,IN_PROCESS
WAF-001684,LOT-0091,18,2025-01-16 10:17:00,IN_PROCESS
WAF-001685,LOT-0091,19,2025-01-16 10:18:00,IN_PROCESS
WAF-001686,LOT-0091,20,2025-01-16 10:19:00,IN_PROCESS
WAF-001687,LOT-0091,21,2025-01-16 10:20:00,IN_PROCESS
WAF-001688,LOT-0091,22,2025-01-16 10:21:00,IN_PROCESS
WAF-001689,LOT-0091,23,2025-01-16 10:22:00,IN_PROCESS
WAF-001690,LOT-0091,24,2025-01-16 10:23:00,IN_PROCESS
WAF-001691,LOT-0092,1,2025-01-05 07:00:00,COMPLETED
WAF-001692,LOT-0092,2,2025-01-05 07:01:00,COMPLETED
WAF-001693,LOT-0092,3,2025-01-05 07:02:00,COMPLETED
WAF-001694,LOT-0092,4,2025-01-05 07:03:00,COMPLETED
WAF-001695,LOT-0092,5,2025-01-05 07:04:00,COMPLETED
WAF-001696,LOT-0092,6,2025-01-05 07:05:00,COMPLETED
WAF-001697,LOT-0092,7,2025-01-05 07:06:00,COMPLETED
WAF-001698,LOT-0092,8,2025-01-05 07:07:00,COMPLETED
WAF-001699,LOT-0092,9,2025-01-05 07:08:00,COMPLETED
WAF-001700,LOT-0092,10,2025-01-05 07:09:00,COMPLETED
WAF-001701,LOT-0092,11,2025-01-05 07:10:00,COMPLETED
WAF-001702,LOT-0092,12,2025-01-05 07:11:00,COMPLETED
WAF-001703,LOT-0092,13,2025-01-05 07:12:00,COMPLETED
WAF-001704,LOT-0092,14,2025-01-05 07:13:00,COMPLETED
WAF-001705,LOT-0092,15,2025-01-05 07:14:00,COMPLETED
WAF-001706,LOT-0092,16,2025-01-05 07:15:00,COMPLETED
WAF-001707,LOT-0092,17,2025-01-05 07:16:00,COMPLETED
WAF-001708,LOT-0092,18,2025-01-05 07:17:00,COMPLETED
WAF-001709,LOT-0092,19,2025-01-05 07:18:00,COMPLETED
WAF-001710,LOT-0092,20,2025-01-05 07:19:00,COMPLETED
WAF-001711,LOT-0092,21,2025-01-05 07:20:00,COMPLETED
WAF-001712,LOT-0093,1,2025-01-23 00:00:00,COMPLETED
WAF-001713,LOT-0093,2,2025-01-23 00:01:00,COMPLETED
WAF-001714,LOT-0093,3,2025-01-23 00:02:00,COMPLETED
WAF-001715,LOT-0093,4,2025-01-23 00:03:00,COMPLETED
WAF-001716,LOT-0093,5,2025-01-23 00:04:00,COMPLETED
WAF-001717,LOT-0093,6,2025-01-23 00:05:00,COMPLETED
WAF-001718,LOT-0093,7,2025-01-23 00:06:00,COMPLETED
WAF-001719,LOT-0093,8,2025-01-23 00:07:00,COMPLETED
WAF-001720,LOT-0093,9,2025-01-23 00:08:00,COMPLETED
WAF-001721,LOT-0093,10,2025-01-23 00:09:00,COMPLETED
WAF-001722,LOT-0093,11,2025-01-23 00:10:00,COMPLETED
WAF-001723,LOT-0093,12,2025-01-23 00:11:00,COMPLETED
WAF-001724,LOT-0093,13,2025-01-23 00:12:00,COMPLETED
WAF-001725,LOT-0093,14,2025-01-23 00:13:00,COMPLETED
WAF-001726,LOT-0093,15,2025-01-23 00:14:00,COMPLETED
WAF-001727,LOT-0093,16,2025-01-23 00:15:00,COMPLETED
WAF-001728,LOT-0093,17,2025-01-23 00:16:00,COMPLETED
WAF-001729,LOT-0093,18,2025-01-23 00:17:00,COMPLETED
WAF-001730,LOT-0093,19,2025-01-23 00:18:00,COMPLETED
WAF-001731,LOT-0093,20,2025-01-23 00:19:00,COMPLETED
WAF-001732,LOT-0093,21,2025-01-23 00:20:00,COMPLETED
WAF-001733,LOT-0093,22,2025-01-23 00:21:00,COMPLETED
WAF-001734,LOT-0093,23,2025-01-23 00:22:00,COMPLETED
WAF-001735,LOT-0093,24,2025-01-23 00:23:00,COMPLETED
WAF-001736,LOT-0093,25,2025-01-23 00:24:00,COMPLETED
WAF-001737,LOT-0094,1,2025-01-30 02:00:00,COMPLETED
WAF-001738,LOT-0094,2,2025-01-30 02:01:00,COMPLETED
WAF-001739,LOT-0094,3,2025-01-30 02:02:00,COMPLETED
WAF-001740,LOT-0094,4,2025-01-30 02:03:00,COMPLETED
WAF-001741,LOT-0094,5,2025-01-30 02:04:00,COMPLETED
WAF-001742,LOT-0094,6,2025-01-30 02:05:00,COMPLETED
WAF-001743,LOT-0094,7,2025-01-30 02:06:00,COMPLETED
WAF-001744,LOT-0094,8,2025-01-30 02:07:00,COMPLETED
WAF-001745,LOT-0094,9,2025-01-30 02:08:00,COMPLETED
WAF-001746,LOT-0094,10,2025-01-30 02:09:00,COMPLETED
WAF-001747,LOT-0094,11,2025-01-30 02:10:00,COMPLETED
WAF-001748,LOT-0094,12,2025-01-30 02:11:00,COMPLETED
WAF-001749,LOT-0094,13,2025-01-30 02:12:00,COMPLETED
WAF-001750,LOT-0094,14,2025-01-30 02:13:00,COMPLETED
WAF-001751,LOT-0094,15,2025-01-30 02:14:00,COMPLETED
WAF-001752,LOT-0094,16,2025-01-30 02:15:00,COMPLETED
WAF-001753,LOT-0094,17,2025-01-30 02:16:00,COMPLETED
WAF-001754,LOT-0094,18,2025-01-30 02:17:00,COMPLETED
WAF-001755,LOT-0094,19,2025-01-30 02:18:00,COMPLETED
WAF-001756,LOT-0094,20,2025-01-30 02:19:00,COMPLETED
WAF-001757,LOT-0094,21,2025-01-30 02:20:00,COMPLETED
WAF-001758,LOT-0094,22,2025-01-30 02:21:00,COMPLETED
WAF-001759,LOT-0095,1,2025-01-04 00:00:00,COMPLETED
WAF-001760,LOT-0095,2,2025-01-04 00:01:00,COMPLETED
WAF-001761,LOT-0095,3,2025-01-04 00:02:00,COMPLETED
WAF-001762,LOT-0095,4,2025-01-04 00:03:00,COMPLETED
WAF-001763,LOT-0095,5,2025-01-04 00:04:00,COMPLETED
WAF-001764,LOT-0095,6,2025-01-04 00:05:00,COMPLETED
WAF-001765,LOT-0095,7,2025-01-04 00:06:00,COMPLETED
WAF-001766,LOT-0095,8,2025-01-04 00:07:00,COMPLETED
WAF-001767,LOT-0095,9,2025-01-04 00:08:00,COMPLETED
WAF-001768,LOT-0095,10,2025-01-04 00:09:00,COMPLETED
WAF-001769,LOT-0095,11,2025-01-04 00:10:00,COMPLETED
WAF-001770,LOT-0095,12,2025-01-04 00:11:00,COMPLETED
WAF-001771,LOT-0095,13,2025-01-04 00:12:00,COMPLETED
WAF-001772,LOT-0095,14,2025-01-04 00:13:00,COMPLETED
WAF-001773,LOT-0095,15,2025-01-04 00:14:00,COMPLETED
WAF-001774,LOT-0095,16,2025-01-04 00:15:00,COMPLETED
WAF-001775,LOT-0095,17,2025-01-04 00:16:00,COMPLETED
WAF-001776,LOT-0095,18,2025-01-04 00:17:00,COMPLETED
WAF-001777,LOT-0095,19,2025-01-04 00:18:00,COMPLETED
WAF-001778,LOT-0095,20,2025-01-04 00:19:00,COMPLETED
WAF-001779,LOT-0095,21,2025-01-04 00:20:00,COMPLETED
WAF-001780,LOT-0096,1,2025-01-19 00:00:00,COMPLETED
WAF-001781,LOT-0096,2,2025-01-19 00:01:00,COMPLETED
WAF-001782,LOT-0096,3,2025-01-19 00:02:00,COMPLETED
WAF-001783,LOT-0096,4,2025-01-19 00:03:00,COMPLETED
WAF-001784,LOT-0096,5,2025-01-19 00:04:00,COMPLETED
WAF-001785,LOT-0096,6,2025-01-19 00:05:00,COMPLETED
WAF-001786,LOT-0096,7,2025-01-19 00:06:00,COMPLETED
WAF-001787,LOT-0096,8,2025-01-19 00:07:00,COMPLETED
WAF-001788,LOT-0096,9,2025-01-19 00:08:00,COMPLETED
WAF-001789,LOT-0096,10,2025-01-19 00:09:00,COMPLETED
WAF-001790,LOT-0096,11,2025-01-19 00:10:00,COMPLETED
WAF-001791,LOT-0096,12,2025-01-19 00:11:00,COMPLETED
WAF-001792,LOT-0097,1,2025-01-15 14:00:00,COMPLETED
WAF-001793,LOT-0097,2,2025-01-15 14:01:00,COMPLETED
WAF-001794,LOT-0097,3,2025-01-15 14:02:00,COMPLETED
WAF-001795,LOT-0097,4,2025-01-15 14:03:00,COMPLETED
WAF-001796,LOT-0097,5,2025-01-15 14:04:00,COMPLETED
WAF-001797,LOT-0097,6,2025-01-15 14:05:00,COMPLETED
WAF-001798,LOT-0097,7,2025-01-15 14:06:00,COMPLETED
WAF-001799,LOT-0097,8,2025-01-15 14:07:00,COMPLETED
WAF-001800,LOT-0097,9,2025-01-15 14:08:00,COMPLETED
WAF-001801,LOT-0097,10,2025-01-15 14:09:00,COMPLETED
WAF-001802,LOT-0097,11,2025-01-15 14:10:00,COMPLETED
WAF-001803,LOT-0097,12,2025-01-15 14:11:00,COMPLETED
WAF-001804,LOT-0097,13,2025-01-15 14:12:00,COMPLETED
WAF-001805,LOT-0097,14,2025-01-15 14:13:00,COMPLETED
WAF-001806,LOT-0097,15,2025-01-15 14:14:00,COMPLETED
WAF-001807,LOT-0097,16,2025-01-15 14:15:00,COMPLETED
WAF-001808,LOT-0097,17,2025-01-15 14:16:00,COMPLETED
WAF-001809,LOT-0097,18,2025-01-15 14:17:00,COMPLETED
WAF-001810,LOT-0097,19,2025-01-15 14:18:00,COMPLETED
WAF-001811,LOT-0097,20,2025-01-15 14:19:00,COMPLETED
WAF-001812,LOT-0098,1,2025-01-17 00:00:00,COMPLETED
WAF-001813,LOT-0098,2,2025-01-17 00:01:00,COMPLETED
WAF-001814,LOT-0098,3,2025-01-17 00:02:00,COMPLETED
WAF-001815,LOT-0098,4,2025-01-17 00:03:00,COMPLETED
WAF-001816,LOT-0098,5,2025-01-17 00:04:00,COMPLETED
WAF-001817,LOT-0098,6,2025-01-17 00:05:00,COMPLETED
WAF-001818,LOT-0098,7,2025-01-17 00:06:00,COMPLETED
WAF-001819,LOT-0098,8,2025-01-17 00:07:00,COMPLETED
WAF-001820,LOT-0098,9,2025-01-17 00:08:00,COMPLETED
WAF-001821,LOT-0098,10,2025-01-17 00:09:00,COMPLETED
WAF-001822,LOT-0098,11,2025-01-17 00:10:00,COMPLETED
WAF-001823,LOT-0098,12,2025-01-17 00:11:00,COMPLETED
WAF-001824,LOT-0098,13,2025-01-17 00:12:00,COMPLETED
WAF-001825,LOT-0098,14,2025-01-17 00:13:00,COMPLETED
WAF-001826,LOT-0098,15,2025-01-17 00:14:00,COMPLETED
WAF-001827,LOT-0098,16,2025-01-17 00:15:00,COMPLETED
WAF-001828,LOT-0098,17,2025-01-17 00:16:00,COMPLETED
WAF-001829,LOT-0099,1,2025-01-26 16:00:00,COMPLETED
WAF-001830,LOT-0099,2,2025-01-26 16:01:00,COMPLETED
WAF-001831,LOT-0099,3,2025-01-26 16:02:00,COMPLETED
WAF-001832,LOT-0099,4,2025-01-26 16:03:00,COMPLETED
WAF-001833,LOT-0099,5,2025-01-26 16:04:00,COMPLETED
WAF-001834,LOT-0099,6,2025-01-26 16:05:00,COMPLETED
WAF-001835,LOT-0099,7,2025-01-26 16:06:00,COMPLETED
WAF-001836,LOT-0099,8,2025-01-26 16:07:00,COMPLETED
WAF-001837,LOT-0099,9,2025-01-26 16:08:00,COMPLETED
WAF-001838,LOT-0099,10,2025-01-26 16:09:00,COMPLETED
WAF-001839,LOT-0099,11,2025-01-26 16:10:00,COMPLETED
WAF-001840,LOT-0099,12,2025-01-26 16:11:00,COMPLETED
WAF-001841,LOT-0099,13,2025-01-26 16:12:00,COMPLETED
WAF-001842,LOT-0099,14,2025-01-26 16:13:00,COMPLETED
WAF-001843,LOT-0099,15,2025-01-26 16:14:00,COMPLETED
WAF-001844,LOT-0099,16,2025-01-26 16:15:00,COMPLETED
WAF-001845,LOT-0099,17,2025-01-26 16:16:00,COMPLETED
WAF-001846,LOT-0099,18,2025-01-26 16:17:00,COMPLETED
WAF-001847,LOT-0099,19,2025-01-26 16:18:00,COMPLETED
WAF-001848,LOT-0099,20,2025-01-26 16:19:00,COMPLETED
WAF-001849,LOT-0099,21,2025-01-26 16:20:00,COMPLETED
WAF-001850,LOT-0099,22,2025-01-26 16:21:00,COMPLETED
WAF-001851,LOT-0100,1,2025-01-04 20:00:00,COMPLETED
WAF-001852,LOT-0100,2,2025-01-04 20:01:00,COMPLETED
WAF-001853,LOT-0100,3,2025-01-04 20:02:00,COMPLETED
WAF-001854,LOT-0100,4,2025-01-04 20:03:00,COMPLETED
WAF-001855,LOT-0100,5,2025-01-04 20:04:00,COMPLETED
WAF-001856,LOT-0100,6,2025-01-04 20:05:00,COMPLETED
WAF-001857,LOT-0100,7,2025-01-04 20:06:00,COMPLETED
WAF-001858,LOT-0100,8,2025-01-04 20:07:00,COMPLETED
WAF-001859,LOT-0100,9,2025-01-04 20:08:00,COMPLETED
WAF-001860,LOT-0100,10,2025-01-04 20:09:00,COMPLETED
WAF-001861,LOT-0100,11,2025-01-04 20:10:00,COMPLETED
WAF-001862,LOT-0100,12,2025-01-04 20:11:00,COMPLETED
WAF-001863,LOT-0100,13,2025-01-04 20:12:00,COMPLETED
WAF-001864,LOT-0100,14,2025-01-04 20:13:00,COMPLETED
WAF-001865,LOT-0100,15,2025-01-04 20:14:00,COMPLETED
WAF-001866,LOT-0100,16,2025-01-04 20:15:00,COMPLETED
